id,company,title-rating,job-title,location,posting-link
5590e192f01ef4a8,Class Over Inc,7,Remote Children's Technology Teacher - Coding,Remote,/company/Deam-Go-Inc/jobs/Teacher-5590e192f01ef4a8?fccid=9f5079483d5b4f74&vjs=3
24f625c9d9e47413,Heir8fied,8,Software Engineer,Remote,/company/Heir8fied/jobs/Software-Engineer-24f625c9d9e47413?fccid=6c468f375032a23e&vjs=3
5449dcd71aab9d2b,Calibrex,6,Sports-Focused Accelerometer/IMU Algorithm Developer,Remote,/company/CALIBREX/jobs/Algorithm-Developer-5449dcd71aab9d2b?fccid=82e8adb31d9e314d&vjs=3
2a2d575a699b463e,Isos Technology,4,Other Linux Engineering Team Opportunities,Remote,/rc/clk?jk=2a2d575a699b463e&fccid=32dfdbcac564f077&vjs=3
8f5611b46d25b3a,Sun River Health,1,Director of Informatics,Remote,/pagead/clk?mo=r&ad=-6NYlbfkN0DVnlXHWiKipX-JgC1jFaqFRl-V4FVFOkXmn5s9cDuLapwTLjsVJTBRYHrlpHSbq8qTmEZ9af0SFhfOiOa6TjThHfmbK4nhM8d0Yuuc4EV1vU9_-OFyc5vQOMtL0u9VF2-yAJOfYZkxOiqjq40acI0WJjoftj_9bX8RuS-mFigrWvHx4YPs6WUgf3nQwvjmJmyDEwpKaxxEJQ1vUKfqIP80jIXvWkOexTlkeXSotm_9c1dHw07iHNglK_7RzTTkMXAPlYl4Ex2oLO9sTbiumv40MANjk280cL7sPk99pBjwyY7CBwj3kwhQ_YIbaILJ-uqDpOIckD8Hs6us094oh-emhd3ALYWFXm4SPalb-FePL5N39zNCBEvqiHAgzYB_pc3uRXFacsZz6oduuNKnP4BfCzXjj19YyQ-x3NOHgGIkQn0vJ8h2qyammkQtMwsna8yznEJw02BWlAiy7P4RnlXGW9mIxbuI1jiC6OOQPX4ulzLze3lV3DBCw4ewj4wR34lNNkkGWA0ASAJzg3bSVygCFonU9qHZxseK1ksSZU7YBEKabaEkzXNpEkCJ9-UGMs6K_jOiotUsJHGP4qbxH4Fo&xkcb=SoCx-_M3IF2e22XI6B0YbzkdCdPP&p=4&fvj=1&vjs=3
ad354720dc2e13a6,Community Tech Alliance,8,Software Engineer,Remote,/rc/clk?jk=ad354720dc2e13a6&fccid=dd616958bd9ddc12&vjs=3
60cbbc1cbbb76376,Medical Informatics Engineering,8,Software Developer,Remote,/rc/clk?jk=60cbbc1cbbb76376&fccid=56452ba1c6719a42&vjs=3
e53c56120a0f127d,PROLIM GLOBAL CORPORATION,8,Data science Training,Remote,/company/MINDFUL-TECH-SOLUTIONS-INC/jobs/Data-Scientist-e53c56120a0f127d?fccid=4247fdda997ca37b&vjs=3
b4f0e295972c4dcb,Ampcus Incorporated,8,Data Engineer - Python,Remote,/rc/clk?jk=b4f0e295972c4dcb&fccid=cd6d2c9c59529b1c&vjs=3
f420fd336c4b892f,ClimateAI,9,Jr. Data Scientist,Remote,/rc/clk?jk=f420fd336c4b892f&fccid=90364bdd6d185b45&vjs=3
b0f7c757625f7b45,COGNIZE TECH SOLUTIONS,7,Data Analyst,Remote,/company/Cognize-tech-solutions/jobs/Data-Analyst-b0f7c757625f7b45?fccid=f4398aa555827ed9&vjs=3
67d164588518b1e3,BRS,7,Data Analyst,Remote,/rc/clk?jk=67d164588518b1e3&fccid=e2c1d9254247b2b7&vjs=3
cf7f96f60af902b8,DTN,7,Python Back End Developer,Remote in Minnesota,/rc/clk?jk=cf7f96f60af902b8&fccid=e800d97a89d68322&vjs=3
0f775a3814a0771f,"Stefanini, Inc",7,BI Data Engineer (Remote),"Remote in New York, NY",/rc/clk?jk=0f775a3814a0771f&fccid=7e646b8cb4a11b13&vjs=3
0cc2428adbe9d89f,"Serena and Lily, Inc",3,DEVOPS ENGINEER,"Remote in Sausalito, CA 94965",/rc/clk?jk=0cc2428adbe9d89f&fccid=08be438cb06f2ef0&vjs=3
6a4a46ce19fcd181,Colombo Capital Us Inc,7,Data Analyst,Remote,/company/Colombo-Capital-Us-Inc/jobs/Data-Analyst-6a4a46ce19fcd181?fccid=04f3a6e7749406d3&vjs=3
3731f662da1f75ec,Summit Racing Equipment,6,Data Developer,Remote in Ohio,/rc/clk?jk=3731f662da1f75ec&fccid=ddd973aea205da65&vjs=3
2b649c33f957091f,Boston Children's Hospital,2,Bioinformatics Scientist,Remote,/company/Boston-Children's-Hospital/jobs/Scientist-2b649c33f957091f?fccid=847fa4d5cb464f5a&vjs=3
76edc8a4adc8f985,Hireups,5,Automation Engineer,Remote,/company/Hireups/jobs/Automation-Engineer-76edc8a4adc8f985?fccid=c7adcdef461c0284&vjs=3
1bf8b423850e5451,Performance,8,Space Exploration Software Developer - 100% Remote,"Remote in Mooresville, AL 35649",/rc/clk?jk=1bf8b423850e5451&fccid=81d3628e66d18740&vjs=3
016b765037c5d468,Givelify,8,Software Engineer - Backend,Remote,/rc/clk?jk=016b765037c5d468&fccid=acba88459af3c5ce&vjs=3
60e45819767e5c2d,Synergy BIS,8,Software Engineer,Remote,/rc/clk?jk=60e45819767e5c2d&fccid=fe565434ddb9f8ec&vjs=3
c2e277afb3261bc7,Gururo,8,Software Developer,Remote,/rc/clk?jk=c2e277afb3261bc7&fccid=6984e871e2c14c3e&vjs=3
eee32dfca42e7ed8,Learner,1,Math Tutor,Remote,/company/Learner/jobs/Tutor-eee32dfca42e7ed8?fccid=a19257082bbba736&vjs=3
5875280d8f14a44d,Live Nation,7,Software Engineer - Conversational AI,Remote,/rc/clk?jk=5875280d8f14a44d&fccid=f2d0ffe36bb2f0f4&vjs=3
a39aaa1147d05f37,Jacobs,1,Geophysicist - Remote,"Remote in Sacramento, CA 94204",/rc/clk?jk=a39aaa1147d05f37&fccid=de56d7554bea5214&vjs=3
7f7a185825ef7e9f,MetroSys,6,Data Migration Engineer,Remote,/rc/clk?jk=7f7a185825ef7e9f&fccid=e3cf4ede15172803&vjs=3
8c0fbcaf4d6f15b,Actalent,8,Software Developer,"Remote in New Haven, CT 06501",/pagead/clk?mo=r&ad=-6NYlbfkN0ChYVx_I3yfZ_JDY3EFoivtqvi_stwnZ_kRt8Dowt_l_YMK3tlUtp7TYLJL6B3ikFnXTmNa05M7bppGH5MdVzEawhCqNd5NwRyuzt5mFYoZoWdrZv2ETPKMbNl9g-_nEia_mJpTQNISSyvSJkdj5bCo42RNh0vcamuBlFxu9dibXWbZJNsRmDfYWsDafbuSlvDRdQ-ISIxlRptetr7xjy3M0Cl5zsEGWXK0nqX7Qdr39ShmHtXqGTJhlnBNCy_6d3v2FObLJYZPJxBUMFEXBI935dP0hPsIcUSSLBOZfnDimVv0XOk_kz1CHF5tgLEANWpVrpLkD5dGyncbU0TpvpM_jeOhD6LK3LaH3X6mKKTk5nYI6rUWmVjANstZHooo2I_Msesbh1Hdeh_hYQrscAtFz1S4Eubi3i2ZbvZEwiwr78Jm4AXAX3kDPiiwkxLCKzMxbbyW-LKeuxh8XroINvHbavG_OPu8ueFzxjz874zIUPHlTua4Xh2Vv1UkzHlD6MO9vbiZzz87i_lXFu5XzipzQ5gzCc1eFJDb4wDywpUfVsboFp-aAireBSJhbiD-j64VlQrOhOTxCDpx0779Urw-E8QUZJGlxBUe8th9B4STLI1tqhnjWWN4dRSkcfr2ES7kKY7CdOld6Ad0h-R9Srf5zoZcTYYOeAcoMRljiAoSVv6KRrkaXF5Tm_P2SWZqQB3zVsKOBlC7HhPvYEzPpnFVR0dRaWum5t-ab2u1uTQ2TXeL158mdWCv2_nwtjApHSyQ42mwo9JNUnig_ov0f7KiLZKir0W6O_4Ci39ygnKFKDMm4pMgD_fN-pNV9sVluppVmmyCSjYScbw_m-bOKxeWJ057rD3KYrLFnehOb0QLHAUiiCvt-Tn2sDe45JeHsiqqKHiErSYgEf4uORbHxSBHUO9D2ZPkTqNdFMPiDNynRIjB4HQVzMHFw3xTSqSgJCM_mocBKKsZ_JTE7eIJQ5WAwFA9kncVPByJcSeT7f8cLMKF-KsB1kTlfUqMtHtMd_01EKAxsS_Gufm1phZTrs2N3DXR6rnoaZ9rRbDR2qqpnYfbgVYZdTFmoUiGihokgYDQpReIMxX560JixHo2od4-XicbLbjucMpTAGoX8hl80DRVE5shfukgnyeWE3sQ2aM=&xkcb=SoA9-_M3IF2cnf3I7Z0LbzkdCdPP&p=0&fvj=0&vjs=3
27ade40cc1a3686,Listrak,9,Software Engineer - All Levels,"Remote in King of Prussia, PA",/pagead/clk?mo=r&ad=-6NYlbfkN0B2EsVdaoN94aXEFMSq3iMJgGIILHne6wZntUqGRuUB45orx2HniOmmv-wrmfdQO7K58sa_j6JC7rYfyn5-4feBE4iWX1gOOqy7ckvGQh_WAdSReVPZp14e8q_GHXSaoagqABJkA81JCXt_t7HfZiyB-dR2L6gvbuoaaZD7GRgkLodSn8iVTCn0RyAKCICUACLygUuOb5JSy0d-rSWGtZqWsdM2zvIhEO5vs6TAM5iE2M1KQFMPYno53W0TyfDYjcmT0Lk-HNZPl79vTkyjUlMFhAOzfU89aza5SW08zJ9q1xhryBVzzz8gRgjYmnssFZbrSVsvatoAdkfcXmv3BHA-MqLONT3pQYWMMI-EafMSs2QytkndNRN7XiT-llrULZoI5_6jZqULQdMSraV6oOPyvbiIq561YfCxdKrfwD-P6tB_HUjdZfl5Rxalfw0AwH3C7Z68rJDUgfWbiojPHfglMNMVd_Jc-7Op2e6aMl288KbNPuyVlh9oFPJOZivwMcALxjg_8sDEMQLnMkJ4PHomhbJDebeWAYk=&xkcb=SoCJ-_M3IF2cnf3I7Z0KbzkdCdPP&p=1&fvj=0&vjs=3
3d49ce681f67291c,University of Texas at Austin,5,"Remote Observing Assistant, Mt. Locke Telescopes","Remote in Austin, TX 78701",/rc/clk?jk=3d49ce681f67291c&fccid=f7282ad3490137c7&vjs=3
4e603bc7ea0edf50,Pathloom,6,Geographic Information Systems Specialist,Remote,/company/Pathloom/jobs/Information-Systems-Technician-4e603bc7ea0edf50?fccid=189a0e07a00f43c1&vjs=3
05b9d17163c58b5f,Luxoft,5,Regular IT Systems Management Analyst position (NOC),Remote,/rc/clk?jk=05b9d17163c58b5f&fccid=4b841d912d46e4fd&vjs=3
dab8909fb9b82e60,Kenco,5,Network Opt Analyst,Remote,/rc/clk?jk=dab8909fb9b82e60&fccid=bc90421f785dfa0d&vjs=3
ec4ad16b3f447945,qBraid,7,Quantum Software Engineer,Remote,/rc/clk?jk=ec4ad16b3f447945&fccid=dd616958bd9ddc12&vjs=3
c315e75bf2084a34,Tek Wissen,6,Build and Release Engineer,Remote,/company/Tek-Wissen/jobs/Release-Engineer-c315e75bf2084a34?fccid=7febefb62a38b83b&vjs=3
95e978ac4a9ac721,EMCO Technologies,6,Systems Administrator,Remote,/rc/clk?jk=95e978ac4a9ac721&fccid=a2e7cfdf5998a630&vjs=3
d291b1b7cb2fa8c4,The Chemours Company,1,Chemical Engineer -Early Career STEM Rotational Program,Remote,/rc/clk?jk=d291b1b7cb2fa8c4&fccid=437fb825bf2dab94&vjs=3
7bcdea45c06662de,The Chemours Company,7,Project Engineer -Early Career STEM Rotational Program,Remote,/rc/clk?jk=7bcdea45c06662de&fccid=437fb825bf2dab94&vjs=3
fd26c3ccbd94157,PAYLOCITY CORPORATION,3,Associate Security Software Engineer,Remote,/pagead/clk?mo=r&ad=-6NYlbfkN0C1aMZ2BRPlHqArOk21bzbqwuPpNWT1fc8Bwo2abDo88fzdwmW0BWi6Vd4lsOcxNHiX3YJVS96c3SoWbtkfvM750TnV0HULLvoze5-M2LLqIZx848K42eTNnIIpLPGxEDSoL3mxKDPbkcZpaGHpruKh42b8-iCo44FX6ZlFtEsuvwQa5juC30eSqqWsLT32lSxRFzpsERVnEO587q6T7aLil7JJ5GO61XNOWTjjSrlXcLyShBIGieDhuUFTTqqidXSJRN5Kx3_91WgF3ljs71N2dl7pQtG3-KwevIAPtN80SdI8Tza7Ss6Qj_LlPsQl1GGmsQ3Zaz4MYH7O64QlW8C-EphcJvChZ-yTxFApL0FbXO4bMO5HmDz9k8qKOjvh5P7fNxfkmixKcQl9xRpaFeNzAlvy93CV5SF8C-QN20uA0oIrdxXBjvx9Y4IfmuwBlmF5lzTzww-LnS7CfyZPwle4RoUz_2pygc6KcYEAYFWjdyyYJ_QrskU-Pvxi2WZsumrrmrCR91jNyyFhyEIkhaIMOeBBd7x2SGvgvSKB9rY3jSkqOAdLbi11DoZ4ELE4cTjf6aifypuE4cYU4rIl5GLnZ8xypXKLfDCDNjbt7d8mpEXeFeecHaQ60qhYmCDBelwwX-ZuBQSSqr_BN-crVZ6-wdk0ux9_lP0VhjHzb5VggAsLVZ8skBrbJHRsKED2SDivOWr2i-kPjHHqM2tq8jvg&xkcb=SoAC-_M3IF2bmSzs6p0LbzkdCdPP&p=0&fvj=0&vjs=3
2e327279d18d6a67,Synovize,3,Docker Specialist,Remote,/company/Hireups/jobs/Docker-Specialist-2e327279d18d6a67?fccid=c7adcdef461c0284&vjs=3
107b27f40094a33a,NexZenTek,7,Data Analyst,"Remote in Albany, KY",/rc/clk?jk=107b27f40094a33a&fccid=702e2462ed1bd91b&vjs=3
f35ff53bc21e9db3,Synovize,3,Containerization Expert,Remote,/company/Hireups/jobs/Containerization-Expert-f35ff53bc21e9db3?fccid=c7adcdef461c0284&vjs=3
e1c0e2bf0c6e69ea,Writer,8,Prompt engineer,Remote,/rc/clk?jk=e1c0e2bf0c6e69ea&fccid=36059381e5a120da&vjs=3
51db2076d33b06c0,Principal Financial Group,7,Data & Analytics Translator,"Remote in Des Moines, IA 50392",/rc/clk?jk=51db2076d33b06c0&fccid=591be181c58fd89d&vjs=3
f4c4953f4e39967d,qBraid,7,Quantum Research Scientist,Remote,/rc/clk?jk=f4c4953f4e39967d&fccid=dd616958bd9ddc12&vjs=3
528322dd9101477f,Gannett,1,Enterprise Account Executive,Remote,/rc/clk?jk=528322dd9101477f&fccid=1230acb7e56c6df5&vjs=3
1d0a296205f403e6,Synovize,1,Terraform Engineer,Remote,/company/Hireups/jobs/Engineer-1d0a296205f403e6?fccid=c7adcdef461c0284&vjs=3
eb96e976839a8adc,SRS Acquiom,6,Data Platform Engineer,Remote,/rc/clk?jk=eb96e976839a8adc&fccid=c5e625263df7522d&vjs=3
e2e7b8f1cb480616,Neo4j,6,Technical Support Engineer (Aura),Remote,/rc/clk?jk=e2e7b8f1cb480616&fccid=22802a3c9cf9578d&vjs=3
882902f72309a752,Sonitalent Corp,6,Technical Lead,"Remote in Washington, DC",/company/Sonitalent-Corp/jobs/Technical-Lead-882902f72309a752?fccid=2b2cd912ace5e326&vjs=3
efb81477aa460a25,CommandLink,7,Big Data Engineer,Remote,/rc/clk?jk=efb81477aa460a25&fccid=3488368ef3d458f3&vjs=3
65004bac7047de3,"Modern Technology Solutions, Inc.",7,Cloud Engineer,"Remote in Beavercreek, OH",/pagead/clk?mo=r&ad=-6NYlbfkN0C26OT7h5zXl7z1yVTYwN1d43osiYS9hmGqw_eY7i5KF4BfiQkczdjRREN4ssLd6mKD0rE2LZMMLB1OoIFBYomRH4qc9_Qe5UZnip7dl15gHdJCgxhLzhQwPqQmSZZ1rvedcnB47Oau5a9A6ol1OPcwND0xlXwPzH8pqJD7luOg1dOisxtEKvwjhSop1CirbXn8cbjDFoDjWjC8FgC6b8oeQiNVAyrgUbDAmjzyeHZRrkkUFkqe7rBjYiQxs8qsq6rVuvtmirlowlyspe6PoVE-dpxXbaBefgbXJk559_YuT--C-1gbrPwAefpVGw5BDj6kJef9jrNOfpC2Er31nJ82ic4A7n1_3QIRVPbhGOue3CRnd_bj8PHoT2ieyCnEh8jNK9WXLEk_iQ3Ng9RzCrQFozhcGXz5nOrKhMEkOUmPCB4NocGEtIuO5BJI_DMSNU29hXaFHeELHk5RgxV-JGPMIwZeUL7HSiajBa84Cir35YhRoFoEZU4yKelu9rRn179dj3dhmabgr5Q29_TAuqfR0wXWoiEov1iGyxMsMyUfIe72fWXlQ4xYndnUo3jSEy8lG0in_ssPvwx9_77m1yk-yBbxGKGkngdjgU5RlaNIXbjohVmXtnL-7l5EP7fnZxQ_Crk0vwQWmvzCJNbH8XWDrmFwUSn2swwEMAmYB5WsM8KdnDxDidWSWgoUxOmflPEiuDLmKUwOSE4FEb_l54LpUeF9rRR0Zg00zZabBB8aiy4SHEim1t-22A4jQj7r6Ndkw7TXzE1HEw==&xkcb=SoDT-_M3IF2aMu3I6Z0IbzkdCdPP&p=3&fvj=0&vjs=3
29806d2f192235af,ORAU,5,Research Associate 1,"Remote in Oak Ridge, TN 37830",/rc/clk?jk=29806d2f192235af&fccid=ff085de14d31bf52&vjs=3
8106830ee1433be1,Synovize,5,Microservices Architect,Remote,/company/Hireups/jobs/Architect-8106830ee1433be1?fccid=c7adcdef461c0284&vjs=3
2d2cf9ed692dab4a,Umbra,3,Spacecraft Operator (Off Hours),"Remote in Santa Barbara, CA",/rc/clk?jk=2d2cf9ed692dab4a&fccid=d20132a8e2e64c7a&vjs=3
e72228a074490e99,Ataraxia Co LLC,6,Web Developer,Remote in California,/company/Ataraxia-Co-LLC/jobs/Web-Developer-e72228a074490e99?fccid=286c628f04aeb468&vjs=3
8309f86dbd979676,Brain Technologies,8,Generative AI Creator,"Remote in San Mateo, CA",/rc/clk?jk=8309f86dbd979676&fccid=1924f57c86d0196e&vjs=3
cbe6e2cb5fd0faaf,Dell Technologies,5,Principal Data Scientist - Customer Growth Marketing,Remote,/rc/clk?jk=cbe6e2cb5fd0faaf&fccid=dd09fe3b43125016&vjs=3
9d097088e63fd409,fullthrottle.ai,6,Data Coordinator,Remote,/rc/clk?jk=9d097088e63fd409&fccid=1fdb9494a9a10d54&vjs=3
84594a5f97c8fea,The LaSalle Network,3,Ivanti Administrator,Remote,/pagead/clk?mo=r&ad=-6NYlbfkN0AdaQsw0_9nTkY8THn46tFu9taYt6rk8rFYWSoRe1i20zydO1wBoOVnLARwC_5zTVGdhdnUiz9l-bCggtlPP-Abutx07CVN1aBlHyizduIfdWEfVgO2SJFSZqltS-vQONepI2VdNYLpJwuBwWCNOp7bi3IuP8MUgcm-b85Jgs0xa5aGM_MArgoRmxYTbq3D5jG3Vw2rqlzLtpUsNBTMMDHwJgV4-X9qGAFuXwvaqr8n8E766UQR3BrtU_N3FUd6lP019fflhIVjACubD_raJTy_fNG9Kp-OIKfyMxollAx4dJ0QpoKhwGWgkXoEoamlCcIWk8YwSW7ceCuFQGYooVL_oDCL6qB05kWTOCNE6Ry5aPchSsnRtVh0oEjthFez192OpwOluEfWYb5A6QsLyM9e8_yKmSf0jwPk6cluAogk3LdMeqwJiVMCv9U4gSgVuEws7xsrHLyzqWgJ_38ghP0gigCDCJO4Cn7xBHPSj1LA29jHM6EyWBJhkNyQVE8GasqfIPj6cSsJ7t1gyIBEWjlDcdVqfbIFr9eXOprMXvzzHuKO3ozo4ivw0xQ6Z48xK3kwrdz_pCVu2gOZmKIPPv_MVB-mHWquS7sKRXx_LWgpVxdk0SqUwh8MPIx-n22Xba4moeLwbRFy6TTFsT915DBi&xkcb=SoCc-_M3IF2Wfd3I6Z0KbzkdCdPP&p=1&fvj=0&vjs=3
d9f369ed4a5f530,Penfield Search Partners,6,SAS Programmer - Medical Device - Remote,Remote,/pagead/clk?mo=r&ad=-6NYlbfkN0CqQJ8fSTs6IWaHyuzb70w2-MvmXRF19zoGU3ZTTh-Hdd5USrJmmM8N2qH4Uc6JMrZBcfYtD9WeDKL1ZwJcKIMOcJWeFgGP8lCrh0NMhgyIg39DXZLJkQ2mMyJim0yO3RZDqYQJIXFT4r1Tcao09oWQw47EDoagMITXZYCmPIbeTA6Iz-phy9tvikPXAfuMHLFDiCCPsWNzMwhrNeSTSQtUeC7lDynGXH2oyoH1qwkejorWe5t2U6MIh-xQ0FyD2QvOwVGJYM6TnIiHknLtrM3t15g-xNIVLQp0wWwHTKr-skyU2UNDe4leBwg0TPQYGfSHrUfgmi8IuA0SM388C_UsXwup9siw3B6NtgY_CcJ_HRKhamnBOUzVg2UHSrlUDVnD1-NIrln0n8df9AvpexcM-usMAH3_6YBB5LF2ZCt7aFOZzcwwEnfph8qePpGATO8xN8kzIHjehR-43h5ClxhJKj1ljxllIUCRk3ZPflvcj5Cu1jyih65yl37ZWSrfCvKb-LWvP-lDBJdBlMNGOffDf7l6n0xMukQJOLHd7jUBAKcc0ymNeZgYWbLsu4QehgILICxizywolFragUQgCujGQ6RhGgG7xks=&xkcb=SoB1-_M3IF2Wfd3I6Z0FbzkdCdPP&p=14&fvj=0&vjs=3
560cbf5def8c5f69,Amazon.com Services LLC,9,Jr. Software Development Engineer,"Portland, OR",/rc/clk?jk=560cbf5def8c5f69&fccid=fe2d21eef233e94a&vjs=3
9cc1516b039db875,Opal Kelly,9,Entry-Level Computer Engineer,"Portland, OR",/rc/clk?jk=9cc1516b039db875&fccid=d18d83a4f6ed2d61&vjs=3
8c6e7674fa695211,BigML,7,Frontend Engineer,"Corvallis, OR",/rc/clk?jk=8c6e7674fa695211&fccid=1446f40bea3dd3d5&vjs=3
c860df790606e4a1,Oregon Health & Science University,5,Research Engineer 1,"Portland, OR 97239 (Homestead area)",/rc/clk?jk=c860df790606e4a1&fccid=85be009ba3b3a5a6&vjs=3
bb16430846ba4e23,Oregon Health & Science University,1,Computational Biologist 2,"Portland, OR 97239 (Homestead area)",/rc/clk?jk=bb16430846ba4e23&fccid=85be009ba3b3a5a6&vjs=3
e3850a211192fdac,Siemens,7,Parasitic Extraction QA Engineer (Remote),"Remote in Wilsonville, OR",/rc/clk?jk=e3850a211192fdac&fccid=ea6bb53f0b18b8f2&vjs=3
ff7be4c9d73a63e6,4D Recovery,4,Data Management Specialist,"Hybrid remote in Portland, OR 97266",/company/4D-Recovery/jobs/Data-Specialist-ff7be4c9d73a63e6?fccid=a3e69fc9ad90bbfa&vjs=3
0bffc7bce317208e,Siemens Digital Industries Software,7,Parasitic Extraction QA Engineer (Remote),"Remote in Wilsonville, OR 97070",/rc/clk?jk=0bffc7bce317208e&fccid=a1b70704c350f800&vjs=3
474864e72c5d673a,BigML,4,DevOps Engineer,"Remote in Corvallis, OR",/rc/clk?jk=474864e72c5d673a&fccid=1446f40bea3dd3d5&vjs=3
6c538a76ea7c2957,Performance,8,Space Exploration Software Developer - 100% Remote,"Remote in Portland, OR 97217",/rc/clk?jk=6c538a76ea7c2957&fccid=81d3628e66d18740&vjs=3
a50748bf8bce1bae,Oregon Health & Science University,1,Computational Biologist 1,"Portland, OR 97239 (Homestead area)",/rc/clk?jk=a50748bf8bce1bae&fccid=85be009ba3b3a5a6&vjs=3
159e24d1d081ddee,Landau Associates Inc.,2,Early Career Air and Noise Specialist,"Portland, OR 97201 (Homestead area)",/rc/clk?jk=159e24d1d081ddee&fccid=ae8839b8e5901496&vjs=3
124bbee692d53c5c,Mott MacDonald,1,Graduate transportation planner - 2024,"Portland, OR",/rc/clk?jk=124bbee692d53c5c&fccid=edb4bf50a19b70a9&vjs=3
70ec2981ed155a92,Opinion Dynamics Corporation,6,Consultant,"Portland, OR",/rc/clk?jk=70ec2981ed155a92&fccid=7076505b20480ed3&vjs=3
5824c91ecca447b0,BICP,5,NextGen Data Engineer,"Portland, OR",/rc/clk?jk=5824c91ecca447b0&fccid=8dd47da186a25eaf&vjs=3
32ef5d3ce0dde34a,Siemens Digital Industries Software,5,Information Developer/Technical Writer (Hybrid),"Hybrid remote in Wilsonville, OR 97070",/rc/clk?jk=32ef5d3ce0dde34a&fccid=a1b70704c350f800&vjs=3
0ce11cd64428263a,Siemens,7,"Software Developer: OPC Modeling, Simulation, and Machine Learning","Hybrid remote in Wilsonville, OR",/rc/clk?jk=0ce11cd64428263a&fccid=ea6bb53f0b18b8f2&vjs=3
70889040ebf437f1,Meta,6,Data Center Capacity Engineer,"Crook County, OR",/rc/clk?jk=70889040ebf437f1&fccid=ba07516c418dda52&vjs=3
c74afc2158b1ce91,University of Oregon,8,Junior Database & Application Administrator,"Eugene, OR",/company/University-of-Oregon/jobs/Junior-Database-Administrator-c74afc2158b1ce91?fccid=3aa6e2f79750bfc5&vjs=3
d7b494f7a1fbb2fd,The Standard,4,Actuarial Developer,"Remote in Portland, OR 97266",/rc/clk?jk=d7b494f7a1fbb2fd&fccid=987bded2d477dc2b&vjs=3
067b0097827089d2,"NetSPI, LLC",3,Associate Security Consultant - NetSPI University,"Portland, OR 97232 (Kerns area)",/rc/clk?jk=067b0097827089d2&fccid=0acbbdcf205a745f&vjs=3
0760d6a4c672ebbb,Oregon State University,6,Faculty Research Assistant,"Corvallis, OR 97331",/rc/clk?jk=0760d6a4c672ebbb&fccid=f08351abc513c21b&vjs=3
8b6c8e8b27b691e1,Synopsys,1,Silicon Validation Engineer II,"Hillsboro, OR 97124",/rc/clk?jk=8b6c8e8b27b691e1&fccid=6ce9eba87609c3e9&vjs=3
c5e657173d00dd8,Oculus,6,"Research Scientist, Vision (PhD)","San Francisco, CA",/pagead/clk?mo=r&ad=-6NYlbfkN0DYl4UJW4r1Vl7FEn6T9F-rD9lpC-0oMJVSiWjK_MGUd5J0zhK0_YWmBFI6gXg_Kl9ho8kqmc_zWZ-5uAgboojVhEvgq8AThXGr5BxKpFmgnqMNEMoIBL1_GUMUxJP_LLo5x58rvIK6NbKmakrvIhYyu4vpI_1wbAHGGO-f9ofAKhdmDVdz3NBIsEse_Rg8M-Qpwvu9k_gH-E6Sx9Qh6njS99bjstfqdbzTL_ojAEYGv2rsa2l7A-3fwMIIPzWyLv3gPAOMWoZn9RzxNKIIWch21gMzfh2w-O6f-EQ7oLVrlF11Gn7GVxQx5jLF-sF-oZdj5qrs3sZ2CQ_EMKSGOsmU30bePG8XcwQNPiDLytWz7c13Y1B4UidG3tAhnn_mBSD61YXOAeNNY5mQYAvcqDhng9_eqjSMRzHEYdWzne8FnxL99TYJbh905RGednxo6s_DAaT-dgtMc_6soJ_q-3APxjXsdmPTG1xsczg5cWqJsNvnZ_qMAM321C7Oz36EQD4kGx8aPoHwpkMPHHH6WiE90q4nhnWzExHRftyFJcYGvpLIV2IGFQWo0BZV010QqVKMv364INX77j-e1IFyVLLXe0FaiF02GUtevnrJkXU66ckj6Ym4pXP4rpkzhPxBDCIMaSnGBZNT2qFheENjA28FsNR9YHFISJjXEJ8uYr3Jyuvlb27yU_I6TkA-Z6JVcpsO6AB2hrjm9QyUtj6fZtVaStoy6vVD3LkM9z_QqaMHsAsFvNcHN8u9dy3T3HOP3VmrS6vBvEpW1J1QYqT1pHhZT1Swuql3YZwXCM9nDWfQvE8Rp__BOVlCWKr1DDDXh2rBvp3_dEAfgQ6fwRn51cfNaPmu-bYMJ-m6VtZleTvbWXEiotqbIXaEF_gxHz4Dn9JlWZPlcb_gFvtuInuzv0O4n8tMOn5VzzdCeHYZDBWkgYpv-vaC_ONWt83RPMnDACkgYA-06DlgyaVpfWIG9gvwQmQvbrlL68uifp5OhIeYLL0lnuHtB7FpXbvdfOCbs0qXVIZgeVuYilipF4R_IvkMXCBykqq7gv1-iLWf0a37Fd-KJuZlIuIz7bBrX5acPCSizctTUHvQsmmkOMS6zJg1OAnQFWBvTF7oSBNOmKYQNijinxyAJPZKZbKbuRuBIM8jKMhCIvIx1mjz5urFBWKaMrEPnPheQe8Nj3RFXZVzJNcDVK-DoNNALz2rTYm2KnO12YA54PU5H2LmkpOfKCw-&xkcb=SoA2-_M3IF2QgD3I450LbzkdCdPP&p=0&fvj=0&vjs=3
0726603bae4cdcb2,IBM,7,Backend/Full Stack Developer,"San Jose, CA 95101 (North Valley area)",/rc/clk?jk=0726603bae4cdcb2&fccid=de71a49b535e21cb&vjs=3
ded924e39f1fd2a2,Paramount+,7,Full-Stack Software Engineer,"San Francisco, CA 94107 (South Of Market area)",/rc/clk?jk=ded924e39f1fd2a2&fccid=30cb52ad6dd37131&vjs=3
ae89046571de3e91,Apple,6,Safari/Webkit Screener,"Cupertino, CA",/rc/clk?jk=ae89046571de3e91&fccid=c1099851e9794854&vjs=3
3e5a317d6dbee60a,University of California Berkeley,5,Research Associate (7398U) - 58965,"Berkeley, CA 94720",/rc/clk?jk=3e5a317d6dbee60a&fccid=db52f1353185d77b&vjs=3
ecd4f2fe53a63fc0,Wells Fargo,8,2024 Analytics & Data Early Career Development Program,"San Francisco, CA",/rc/clk?jk=ecd4f2fe53a63fc0&fccid=78bbcd26e39621f5&vjs=3
4c14c8fff6bb5b1,Sandia National Laboratories,6,W80-4 Systems Engineer - Electrical (Early/Mid-Career),"Livermore, CA",/pagead/clk?mo=r&ad=-6NYlbfkN0BdI5vrJcl4iNCACeycF7SOUtI3c7RKoL2EvjheEbCbdbbBOMBjX1TjRNHGhGl97pCT9LXpwLot82Rfse1DeojyiQ8NDNyFFc8h5WHLHoX0ynvLUQxYIxQQvd1t1i-_CsKty7qjo9ZT1Rzls3NOq0Y6dIZmbycJEkIR9SekJF7-BD2Xjbq4w3U-NqdD7vanDDHcu-tFrO6CiIweuKr7PtcPhC594w4kAYm3ZsbGbd0rwvnw2ceViaa9I3plsg6JUJSICqF6tY7yypkpT4znT4-4Ls07H_3s20L8Psjf1AJ9sylnCNfQ5gMb6luEdlS7v4P7V9XOA9GkGA6Phkhqa5GBzaE4YZR2DxiB2AcH20Su1EzUWoH7byKOAUaIxBliRMQh7v6iQgEKqAUEZRxTEqOz3K6epDzCxPTTefH6JgvQIblRFRp1uBeFs8fHwlh_eWayixsfIMvG1pAEkRdEio69TqAlYz0cFMoBfhFljFpU-k8Oip2Datt-PB7lRFHj_Qx0klhqhPdAEhC7XH5fYU1CsvxUAKCBrWluT6rUqiisFV4WGyK0KqL8EL-yaoh78o0IAP-exQWXCA6oYsvya01Hok8a5zVS1Ifh8CUUYtz-PKKEV6aw1o58imyyPdzliGVZCm4DFA_XK8vUx9rcTJd7XB1uVRo4rO4ngLX7wlfN2D9lUhtGBpEvYWhyhcSjx--5J2d2XQX3Swc7ACy3l6hUIxyY_IBMswStT-twb9zVfQY7Xo5VHvv9ZuV7bnoU9h0rBwiil8bKPPXfC7PE1gNHUwJeepfAgLwF-lPRdTZ_eg==&xkcb=SoAM-_M3IF2QgD3I450NbzkdCdPP&p=6&fvj=0&vjs=3
4bea1926012db379,BlackRock,8,"Associate, Software Engineer, Applications","San Francisco, CA 94105 (Financial District/South Beach area)",/rc/clk?jk=4bea1926012db379&fccid=58c732f14833248a&vjs=3
852fdd36ad41a939,NVIDIA,6,Accelerated Computing Architect - New College Grad 2024,"Santa Clara, CA",/rc/clk?jk=852fdd36ad41a939&fccid=c267f29f0f85e8b8&vjs=3
e004e922fdd74fe6,Celandyne Software Solutions,8,Python-Developers,"Santa Clara, CA 95050",/rc/clk?jk=e004e922fdd74fe6&fccid=9f95445de55b4b50&vjs=3
916906ab8bac4c0f,Activision,7,Staff Data Analyst,"San Francisco, CA",/rc/clk?jk=916906ab8bac4c0f&fccid=71147e0539a0a1b7&vjs=3
1f13522de9c27f51,SpaceX,7,Software Infrastructure Engineer (Starlink),"Sunnyvale, CA",/rc/clk?jk=1f13522de9c27f51&fccid=8bc01be85b97ce0d&vjs=3
c79d116f878eafc2,Apple,8,Software Development Engineer,"San Francisco, CA",/rc/clk?jk=c79d116f878eafc2&fccid=c1099851e9794854&vjs=3
48ac50800567890d,NimbleRx,7,Data Analyst,"Redwood City, CA",/rc/clk?jk=48ac50800567890d&fccid=9abfea0a4ca7a9c4&vjs=3
0ca77a8d7e96b864,Cadence Design Systems,7,Software Engineer (New College Grad 2024),"San Jose, CA",/rc/clk?jk=0ca77a8d7e96b864&fccid=391006290e845887&vjs=3
8f70468c9299cc94,"Ample, Inc.",7,Software Test Automation Engineer (Python / HIL),"San Francisco, CA 94107 (Mission Bay area)",/rc/clk?jk=8f70468c9299cc94&fccid=2b2b33a71bfbedfd&vjs=3
17e044807620b19f,Applied Intuition,7,Scenario Engineer,"Mountain View, CA",/rc/clk?jk=17e044807620b19f&fccid=00f9ae225292fb3a&vjs=3
63f1f57774f069b9,Infinera,5,Firmware Engineer 2,"San Jose, CA",/rc/clk?jk=63f1f57774f069b9&fccid=3ba5a058188ad02f&vjs=3
75c94a232499b711,Verkada,7,Software Engineer - Platform Infrastructure,"San Mateo, CA",/rc/clk?jk=75c94a232499b711&fccid=17b2ec97e4ece7cf&vjs=3
060ed8d6978c63d8,Salesforce,5,Senior Software Engineer,"San Francisco, CA (Financial District/South Beach area)",/rc/clk?jk=060ed8d6978c63d8&fccid=4027cfd917e1ee29&vjs=3
a61230c57faed3dc,Chalk,3,Developer Advocate,"San Francisco, CA",/rc/clk?jk=a61230c57faed3dc&fccid=cb7c4fd31cb4da06&vjs=3
ce585ed393e92161,ByteDance,7,Video Coding/Transcoding Algorithm Engineer,"San Jose, CA 95110 (Downtown area)",/rc/clk?jk=ce585ed393e92161&fccid=74fbc768a4e5bece&vjs=3
8b9c2d1c0e02fe7c,Astranis,8,RF System Engineer Associate (Summer 2024),"San Francisco, CA 94107 (Dogpatch area)",/rc/clk?jk=8b9c2d1c0e02fe7c&fccid=bc11c7f77a065fb8&vjs=3
2ed013fd1e98efef,University of California Berkeley,5,Legal Data Researcher - School of Law,"Berkeley, CA 94720",/rc/clk?jk=2ed013fd1e98efef&fccid=db52f1353185d77b&vjs=3
7ce2da7b69acab64,Astranis,5,Power Electronics Associate (Fall 2024),"San Francisco, CA 94107 (Dogpatch area)",/rc/clk?jk=7ce2da7b69acab64&fccid=bc11c7f77a065fb8&vjs=3
645438992bc0626b,University of California San Francisco,6,Biological Data Scientist,"San Francisco, CA 94143 (Inner Sunset area)",/rc/clk?jk=645438992bc0626b&fccid=2a341562d64c7cdb&vjs=3
8f70e75695592499,TikTok,6,Research Scientist - LLM [Large Language Model] - TikTok Trust and Safety,"San Jose, CA",/rc/clk?jk=8f70e75695592499&fccid=caed318a9335aac0&vjs=3
a640d628e14e5bec,Tesla,7,"Data Analyst, Semi Truck","Palo Alto, CA",/rc/clk?jk=a640d628e14e5bec&fccid=86e9be6ce380173e&vjs=3
24869f76363f18f7,Federal Reserve Bank of San Francisco,6,Research Associate,"Hybrid remote in San Francisco, CA",/rc/clk?jk=24869f76363f18f7&fccid=930b1e7129637954&vjs=3
e274d4e32ca5299b,Apple,7,Data Engineer,"Cupertino, CA",/rc/clk?jk=e274d4e32ca5299b&fccid=c1099851e9794854&vjs=3
8bf73b7205227dd9,NVIDIA,6,ASIC Clocks Engineer - New College Grad 2023,"Santa Clara, CA",/rc/clk?jk=8bf73b7205227dd9&fccid=c267f29f0f85e8b8&vjs=3
970fd46efbc252ce,NVIDIA,7,"Software Engineer, Deep Learning cuDNN - New College Grad 2023","Santa Clara, CA",/rc/clk?jk=970fd46efbc252ce&fccid=c267f29f0f85e8b8&vjs=3
59f907be08bf5bc1,Apple,6,iPhone Data Analysis Engineer,"Cupertino, CA",/rc/clk?jk=59f907be08bf5bc1&fccid=c1099851e9794854&vjs=3
1e56b4d35846a8b0,Cisco Meraki,7,"Full Stack Engineer, Analytics","Remote in San Francisco, CA",/rc/clk?jk=1e56b4d35846a8b0&fccid=225e8490f1c5921b&vjs=3
1b68fef69182fec7,DataMinds Services,8,Data Scientist,"Remote in San Francisco Bay Area, CA",/company/DataMinds-Services/jobs/Data-Scientist-1b68fef69182fec7?fccid=be4d3b90026bc9bb&vjs=3
f3bd1a4133e9040c,Finix Payments,7,Support Engineer,"San Francisco, CA",/rc/clk?jk=f3bd1a4133e9040c&fccid=c2ac0f82c1826d11&vjs=3
f0acb6290dbe44a6,Complete,5,Founding Full-Stack Engineer,"San Francisco, CA 94103 (Mission area)",/rc/clk?jk=f0acb6290dbe44a6&fccid=cac4464538d91297&vjs=3
abfcfd325e85d3e7,Tesla,7,"Software Engineer, Robot Software Engineering","Fremont, CA",/rc/clk?jk=abfcfd325e85d3e7&fccid=86e9be6ce380173e&vjs=3
7efc7bfb75cb6f28,Everlaw,8,Software Engineer,"Hybrid remote in Oakland, CA",/rc/clk?jk=7efc7bfb75cb6f28&fccid=52cb610671fa4da9&vjs=3
3b0970bc8d72932,theCoderSchool Palo Alto,8,Code Coach,"Palo Alto, CA 94306 (South of Midtown area)",/pagead/clk?mo=r&ad=-6NYlbfkN0AS3oPsAAmCngCu4U51_2RxXyfS7TdWOFtWPOafNW52I3vGu1HQ69_gcbE0no7U4rju44uiZ8WO0OGeVHU2SdMHUACe2K24bUAJest0HwEXr2Ols4vqujp7VhIkl4G5TCK4qVQtQRwkUoD-5dXzCMjjMgqgTqrCJx9sHjtUpzEFiur2bGaGKUa4fyb_xz6rPgUQuwKw1ZWPW7kl3DnSF3llG88R9IoPTuMOUKFh0nzIog0QeQNWCJGHR1cCSAIeJQiVexf9JyUauWESISDBfBdsN7TfG4OydXtzJlx2r-Sb4uBUYSe6nAVVAPSy2QcUTyfjAsy0ZLiJEXsuMb7-DQFu3vXygr7iUjBZxjLAbbRIK3N3t7O_gg67JjqcWovS6iXM_op-K-Md8-yu0nOepEZkDRUcCwS3lfv9CDS5f07onEaaTZZZPzuClnQca7ju0kZPqrifi9BjII0gx1w4evBh9IPbC053mjpdcfIPL9yAp2BQaZeYsC44Odd_8QvFSwNNrv8dniJj9NoO5gkYHUXpy_lZit4CY58Duufp1S_UdUjedJ8ybtqeM8la6xFNqXX1d-DDKhhacZoLxXnmJdoV&xkcb=SoDh-_M3IF2unl3I7Z0LbzkdCdPP&p=0&fvj=1&vjs=3
2a99fcbe447b41a,iCode Palo Alto,7,After School Instructor (Part-time),"Palo Alto, CA 94301 (Community Center area)",/pagead/clk?mo=r&ad=-6NYlbfkN0CtlCdohHBCkcQMrT8kwLzCIaDkHay2PnpdmY4_V6i0ML6h12Sy3x3WU3l59StxAI9QGlpr_53AIXAGYe9qevbnoz46YjhEm_PvDKs_twD92umIyjA5QQ8l2-q7zKLQR0JRMSmGiXVThXmpA0pgNTqH0cp_1eUaTOh1TMDGfQX6y52SqDKc0KRD2EG3Sb95jgQousAqD0xeox7LlEEtvdonR2VXwlanFdbIVZFkbwDLDJckPVEZB23zdpTdNSX_De0s5SNJoEZZFgM9oymeg-V8IV63fBFYQ60ZUOGjZGUl0yXnBhAKhzWIZgOirTfTZlGi4YDZ_r0z39rhbCZJip2lv9tq5116z37J2NNDnrvF96694dEQTFXlP8ManzXpbp5q0rn9bwAOhmmJmmMPpCXvTGdoDrONngtRT3zOXExn-bc_pQldEwpd9OxMpzt9gR7Uk_gZuVBpZVvC8nXqdDyyfTja9zMNfHWiZaXL-cBc_BSvVhymJbzFu0eAflNB2LYTXuN0jcv44kMaYOKzzuL4ndZd-N01IfZlTVKMuZckxHvrgFiLyeGl6O_RfmPjOGnxf-slrlCk5CeEtDlJSpJg7q3gMWBFxNVM_Ljmcg_Hg1AaVjsxNycS&xkcb=SoBG-_M3IF2unl3I7Z0ObzkdCdPP&p=5&fvj=1&vjs=3
8a3e514261af9f91,Apple,7,Accessibility Software Automation Engineer,"Cupertino, CA",/rc/clk?jk=8a3e514261af9f91&fccid=c1099851e9794854&vjs=3
7600b06d995a8bd0,NVIDIA,6,"Solutions Architect, WWFO - New College Grad","Santa Clara, CA",/rc/clk?jk=7600b06d995a8bd0&fccid=c267f29f0f85e8b8&vjs=3
159c4f5ccac8d3d9,January,7,Gen AI Engineer,"Menlo Park, CA",/rc/clk?jk=159c4f5ccac8d3d9&fccid=27673666227bd960&vjs=3
e8d04e2d67492e11,University of California Berkeley,3,Staff Research Associate 1 (9613C) - 60183,"Hybrid remote in Berkeley, CA 94720",/rc/clk?jk=e8d04e2d67492e11&fccid=db52f1353185d77b&vjs=3
fa2fb00babcb483c,Apple,6,WiFi Performance Software Engineer,"Cupertino, CA",/rc/clk?jk=fa2fb00babcb483c&fccid=c1099851e9794854&vjs=3
47fb32bb62df4281,Apple,7,Software Developer Test - CoreLocation,"Cupertino, CA",/rc/clk?jk=47fb32bb62df4281&fccid=c1099851e9794854&vjs=3
7db3e5e54689db18,Johnson & Johnson,5,"R&D Engineer III, Systems and Robotics","Redwood City, CA",/rc/clk?jk=7db3e5e54689db18&fccid=0bed8e17bc113980&vjs=3
baddb7013a62ba11,XomegaIT Inc,5,AI Customer Support,"Milpitas, CA",/company/XomegaIT-Inc/jobs/Customer-Support-Representative-baddb7013a62ba11?fccid=72e1109b86803087&vjs=3
bf086a647de67653,TikTok,7,Software Engineer Graduate (Monetization Technology - Business Integrity - Customer Experience) - 2024 Start (BS/MS),"San Jose, CA",/rc/clk?jk=bf086a647de67653&fccid=caed318a9335aac0&vjs=3
8966d2a5ce7576b0,Tesla,7,"Robotics CAE Engineer, Tesla Bot","Palo Alto, CA",/rc/clk?jk=8966d2a5ce7576b0&fccid=86e9be6ce380173e&vjs=3
d8977cee45286cb,theCoderSchool,5,"Coding Tutor (in-person/remote Fremont, CA) at theCoderSchool","Fremont, CA 94538 (Downtown area)",/pagead/clk?mo=r&ad=-6NYlbfkN0D779NqIiGI0q78WgjCh2jMVoBT9GmHZdwy_hfb4tVsySt4hzIOM69mz0hh_akIq9Cxj8iLh6kZxKWyLdQ8nI2EBIMYS9McpivB0lRBB0LxifF-_9IygvmNdVxjLNQybspiBzO_WLJ8f0KcD8y_-FfDmGaVle_bxKuBlcCVklJZKiakKg4mRoWni22xmJiVkPS1ReWkD1ZjRQJLfsgVA5mZ0eZKLQFPzBtc_H6I-LEtavA2R8CiIx-GF8o5s4eYsLeoUnYr_H4gwvWtdGjZ9lXcY4d0kYqtfvcaFy7norPF8aL-MSmCjDMAbz0rTb-qLpjvoaxtFtQ9vtd4PY2IrEJ2k3_c8x6uZgTciV5FG4BJLVptCPyZVH84oUCiiAC0kGBG47eOWo7yjd3MS3HNfpXLxTYT6_3QaqMIagXJuxd30e4cyVyHeO8hZl45BJoFzWTBFD6MFVG0fEXDNWxoJlHwC4zilntt5e9HwF3_JBjLFkMzr6-FXpq2kD0vEBUk9bOZdI5liU-pCxHbjBoRIRrLeWThBhkaE2tVX8z8ETBbpEm5uc3DW1wXjS27QDhWB1jqKjp1Vw7Zi9K5f7semfCscBt0CelvyTu7aXAZhJ_res2dCTlZ0t9uaVbKLu2cbEExKfVSAwmGDgyta8Wtqq0qRT8SC3RhiPJO9Z5DJI2dQw==&xkcb=SoD7-_M3IF2tC2XI450PbzkdCdPP&p=4&fvj=1&vjs=3
9da6ca2c7b7f130,Challenger School Foundation,7,Computer Teacher,"San Jose, CA 95112 (North Valley area)",/pagead/clk?mo=r&ad=-6NYlbfkN0CBfIXtJMQT0AQ7TXn7HLb1EXpD7y1Hg-RzLugxyGP5fimgtbbxLlXeHTq8DDceDkoLuET9tQAyxrKPbLpLrkSVabn433d7asO6j22fKZJxtfODc6bXVFKe01NaOFTH-yIZo3c4SzFobZqTknWXBKz3bCt3QW6-cb9XB0onIgG44bQ8HWql7c-o6LpmEktGPWCHSv18LfAezJXaxjbISdJaaELFjF_FnwZ8JEQL2AupJy9CiuhTaX78vYGmdOe-AB3Npg1Rp1UTcgtPtOstS8SCOsnuxnl7N5q1anoVde-WcQiPodJ2zMDsPHZXyPIoMU6VFS9uTFj0kIic9gdTkKoyAp8Z5bFtMBjCJKAdxur4KS8XIkny7t9-p2ihXBbcR0fEU5ikSoe4rxBaILyaFVvfYpSGCA__EMDlKgKzGKH7eg816Syq1fJCPBtuSZdm_72d800de4HhXFceM5nfZjLhni299rmYyjzNdDqIYjcHRO5c_Xuc4BePuHcFs6ErrhdsvGX5mswJpRGSDDtVcTLwWB6vWCjXZ2K9Ma3u2AiIna_agCwzFaX9kb2mxsfloLZ8eHdcDR-EArXmlyHShP6bufUIBfDP6d2eylEV9fkBPhrcfu78IeSb9lzDd10Wteaj8ZiF1NMLAFKIGL5RzN2YGn-4skTAv32vDnhN3s9LGjCnThHGEhxjFbQ2Nk_oW0eU-S5yc6ZiFQ==&xkcb=SoBP-_M3IF2tC2XI450ObzkdCdPP&p=5&fvj=0&vjs=3
7eefccc9cf5e294,Actalent,5,Embedded Software Security Engineer,"Union City, CA 94587",/pagead/clk?mo=r&ad=-6NYlbfkN0ChYVx_I3yfZ_JDY3EFoivtqvi_stwnZ_kRt8Dowt_l_YMK3tlUtp7TYLJL6B3ikFlvChVVjdCdGtYNi8pkJ64yfZQCiH4kD9xjYmz-Q9QvmQoz6druf276ovyX97FRva5gv7wIAQai3DRGPisRcA78bZVWQgZQIUDl7C7aVfpMIbSAF4jVkj1-th_u2HW2G5JZ1rQx5MuxnPQ_-s1QRcgwcx4CnK2TWAMRjkOL8m8Mfe-fu9HSwuG4NU3w7Oqb3OwYH1LgGOe0utvqpil2A9aoroeTBTXTznUp34YONElmN2lXTcXh0AZo62wWHRcvhRqzOgcyj_z6-WBKP9avZo_trcA-y6E8OgllWcxg8ZSXY5pXuLujPyAIgUQU_DfYyEr9PhRUk1E_iY7-On9tMtXMATgklYC4FAWOPoJl9VvglS15AR21AgpSUrkG4ig7yRhlPCmTFNCol03Uo1XP1Jym9wsW5Hx_OzmGioSsn82BojJkSzZrq5wJmXU5p0gLnsEMoABad1Z7cA7ZbyUjKepWUEqYE3HFlNtDCPAZInWHxJja8A_pkd4xsDTrb7n2ltu_GFac56wh9qVfUo_JMJTBx12AnDV_JFjNICtVKEGPNJlOL4Rmqmp_cjrTA3bE4GanKtdztatmzq9t19BNUow9q4c135xxUCG3yK6VTjf0_M4cFipEOyvL6-HDMSU4wABW4BHfB4L3bj58M-zyaEOdkttneS9NVbIQzf7JW0S4xCbOSIsS-ln8gCfqFzgdlyEZUOcCCN3Zo7zYHvLQNoUxdKW2qVTIoMJD_ad6Bj0iZRl8xUFBeTom1BLsJREvRBVRYCNFxztRpfWNU3b0JHK06N-3s7XwggTqu7NQxAfvoIin8Jnx1uN9GaekUKg_j0dZuGBFLe9XK0lNAG_j_cF9_gfqqzmPmJo-odSB1p5c0__Gsqh41qZOGm9f2ibfmFP-RUc18S5V4LeSPOImdu1MXFEh-LGU6pgpajnTRczWVBrYejDNpEm1UUeZm79bKu7OVf5bUrqDSzLsfeiryNIf-DcACuO0ufdEMF6uinTmDX5b5Ma_zYlki_Q-KKXq3Zxiz0f545t8_v7erm5zlq8kZfnYGypyLBXqsn2xmIKPbHXrIj4W4aUEYAXWs6dw9mFjoB83ngwzWWQy24iqzRuXP4B00DK7XyU=&xkcb=SoBq-_M3IF2sGCXI9h0LbzkdCdPP&p=0&fvj=0&vjs=3
d1c5463fcdbc157,"ATR International, Inc.",6,Test Engineer,"Milpitas, CA 95035",/pagead/clk?mo=r&ad=-6NYlbfkN0BfNYU94KzJuWtLrCRU4sQ8b6XPKhdAMrb_eI6vBPAcxJrFysygXHv7stKnHmfMxVaG1Hq4CrKe0MChQAUzp9lp1IoLroImCZAvvNd6tPgrUvzT9j3bkq25jSOpNwPVeTHFffnqD56HawW4PZcSa-AGBa2EHz2mu44y6ddIZjY9_7uAXrXx_-o4gQjOqMXT9fnMeJ4yUidp3ZIzXFH3_hUCKdVFuPxVjGVQhArkIbPPhuurX7IB9RFAg2bpta5U2nlkd00uKmfY1qF0E48rjEJUE7y80xYYSXmtbI3GGjf_qE8kaXWEhLc8CoPpdxH7IjQVw-8CDhA7J0FZ5GW8iTVAvI-o9Lt1L-3piM9Tc4c-pppp7PYmOG6LiP-mKbPa7MD-Hm0nGc5GSPZkSswELbpEqv4Y3wXYx3TatKzAxJ8IYF4enSWkxb6DnRr0fgMToE2INW8fWshHhJzg3uOT6l64_-4fGlOn-F3HI3OglshgbYc5Y552eA5SptSuV5JCgtWM4TrLiejLAHG-_oIz_GgxRZlTEVNjvfyYxHeiFa_Vl2yLMvKP-k-akeFbZKwY18M7KaBtfFxTmhLh656nTTazJBOLLPvO9q-SaNmSRZa0Fxt11L7p250j&xkcb=SoBn-_M3IF2rz13I6Z0AbzkdCdPP&p=9&fvj=1&vjs=3
82efa3b1a75ebdb,Stanford University,1,Life Science Research Professional 1,"Stanford, CA 94305",/pagead/clk?mo=r&ad=-6NYlbfkN0CfmPlZ2-jqI_6bLKvM73CdgLFfhMRK0tcexKKb-NMAMOblTEfU6hLxqgYzuMPOd-xGHmbCcYqW12ymiKTfYPlf7Lb9Y2ZeaXLWgUP-gZFNZABnC_5BSv_vm2Yg-RzQ1SoWdoao84O-DsuRWEnv__rB-tgBNzU0sRETydTP3M3coMjawI4nnxOiYlrvWRuy0OzaWvi-hOk4d5r1fjRuOW0Fbw6FpE0JNvuHYZTSmsI_UJVB4n2xHNcYz5j9v0Jbv1HUR_ln0p-ncNx18kngWZ7SZK20Sz_O0Kx-mZqqJ-WAz3HiWVvSDLNL_IlS7OSwZghok2cp-OuapDFZwJjJTT7nsRP7BMaGM0SR36DyDD0OvCAR7pISxGURTqHrvXBLMMQuCuOhJ-xgCg_RDkrLHg3jIM7nrMLXIJqsDb2yT9n0c4GSVqU6IJMZV6U8n9Euc0DQrCGCcuTeDo3gvDETSPenbDdx1OwBSyjFKtwyZ3BiNYit0xB333zdUCmGeKu5-SRGP5EwSQ2rD472dKMxTrA7tJYSLEbCbeGRP-vdzZl1FPOVa6VyM8yK8-8Q7IJ6kALWEZtSD4ZmV0PEvHv1zVJq7QQOISy7VmTuyrqow8EFbD97EIIHQ0GdpyVZsz3IrbqEoWO_07Is6MViKpSYzDobq8Y4I5QtQQ1Y7ofERmOLP2xPUnzcvgPgBt-zgvjFv0NdNXHtVndafbTBTutFW2sVri-T7_GFD0wj5FaJISoH5_G0qy7O8ji7sXwYxHl3dLKKbToBjfoMNmtAfjJuAlbv&xkcb=SoBS-_M3IF2rcjXI7Z0KbzkdCdPP&p=1&fvj=0&vjs=3
6495096f0b2a1dc2,Skydera,8,Software Engineer -- Backend,"Palo Alto, CA 94301 (University South area)",/rc/clk?jk=6495096f0b2a1dc2&fccid=386bc9a7ab2d80a8&vjs=3
c76258eed285443b,Cadence Design Systems,7,Application Engineer - New College Grad,"San Jose, CA",/rc/clk?jk=c76258eed285443b&fccid=391006290e845887&vjs=3
d7b6bd5d11c14a99,SAP,5,DevOps Engineer,"San Francisco, CA 94107 (South Of Market area)",/rc/clk?jk=d7b6bd5d11c14a99&fccid=156c7820d1988640&vjs=3
9b24ae54dd12d449,Verkada,8,Front End Engineer - Search & Computer Vision,"San Mateo, CA",/rc/clk?jk=9b24ae54dd12d449&fccid=17b2ec97e4ece7cf&vjs=3
71bfe849400e2d3,Actalent,1,Electrical Engineer,"Fremont, CA 94536",/pagead/clk?mo=r&ad=-6NYlbfkN0ChYVx_I3yfZ_JDY3EFoivtqvi_stwnZ_kRt8Dowt_l_YMK3tlUtp7TYLJL6B3ikFn0EQ6Bzh7WZlbxjAUVUTTUHrC5r4896bt3ALtoyQiQD5brOAmBWeAViXYJmQp_TbW7FH10QewkQM2NzllmnT8XjQ8mBjWKUCyUEyF6k_9tnag9ou7rPzUWczKMVS_O3WVS8UWY2U3ePeGo7ozwOiMSrud2EwkPBxE6qEKRH2GSVm9TgwRD7V3fbbQTz4SU1PAJ2I5cpxa_2KdhabTV0M4gqAH4ebkLu6VzArbT68xJ3DefVQGsmid_2WVeT6-zwQSd6ZUh6vaO_xkEuBlfURbI_QV2z_e3W7tnD8HLjk0BBhiFBQ-f-wRW_dJwa8YlWrCbXhcRoIzl2lYktIBmbTqydHQtOWYH-laGaa5o9ZHx4xtLgvj0g2xajlYGN8HrPOOZ9tgUyqmmbLGT3sZ4gMWUMwIEe-bLmucB7XjZUk76olEwjtDJfn8BQkp-UilUxnIo9wRNwp7JRPZzIy0iO1kZtnyYgdawRAmFuO1wsoNjzyM_4FULEyYUvuLBbO8grthmJmKRrz_Td7gqI-DWAlbcKCh3N0pPOGqZQJxHbRd0Z1Qhe2fJx-Je-MPohfA5SJMeE177KxBMc8_Fpn84zxLIc0-SBQw1kvEWhzPfRRgL8tK_ud6cH63IoFsH_bRIIiGi3r2MjCe5yZHqZSC4iydouYOBnMzSy0_BS0wWUuIFebt9gHtcsLGV7xoTvOAw8TIdAXmiz9cKjo-uy2XNfzOqziPNYgaQUEcVBjvmL4CiCPUp02n5RvPUy5GidQNQG6_WaZc1VnGWF5aYjwbU4KpnL0_N5httRuUh1kjLFAeW-d0CXaVAnRGNEAexc-gcrj0vJ2cOw7bLTFGhKsG44ux-IvTDudTvnpCyUW-b6heg11WOtFa4pADW7CbJzwxTOjnnFOWF8o6r_jGscAqmvYdV67jI26GmNyX83-1v_ngkYvcGN_VwZg1HCQTiA9A9FH4ZVS1Pw1XpbrA95qCaZPWgpjdpLKKrvgPgnsW7hDssZkmKH6AQj8vsFuuAjrpH2c764t8WQKt-nuRr0_j20Sb0YwHA5-3utSS8D_P4qJHxI7WiuRnonlXgJkJ34J6a1wFFd4VsZTHBS6-auPj1hWZgD-y0R8ZZ9PM=&xkcb=SoBi-_M3IF2ncIxjy50EbzkdCdPP&p=14&fvj=0&vjs=3
41bcfda103af0440,TikTok,6,"Software Engineer, TikTok Brand Ads","San Jose, CA",/rc/clk?jk=41bcfda103af0440&fccid=caed318a9335aac0&vjs=3
8d24b68dce97b5bc,ByteDance,6,Software Engineer Graduate (Cloud Native Infrastructure) - 2024 Start (BS/ MS),"Mountain View, CA",/rc/clk?jk=8d24b68dce97b5bc&fccid=74fbc768a4e5bece&vjs=3
8910644995ebfbc5,Tesla,7,"LLM Engineer, Dojo","Palo Alto, CA",/rc/clk?jk=8910644995ebfbc5&fccid=86e9be6ce380173e&vjs=3
9b83b0aeb30016c,"Ursus, Inc.",7,QA Automation Engineer,"Fremont, CA 94538",/pagead/clk?mo=r&ad=-6NYlbfkN0CT8vBT9H5mqECx2dfLV_FONLPDKpIRssxVwtj05Tmm4rA5I0VNOPdM1oYsK66ov5pIq6qozkLLz3eokI3MFU_NN7VJ3kv6CNt-1tWyOn-lM7mPM-ukb8YCpU5N88GuaB5EKT4NHI2-LE2t2AtrlF44eaLNKy5FwVb44eCjfQ4yHCASp58_fFQYzW8QJ_lBDmPl5J0gcZfz0APqXZW_9GXUQr4XmRvvep86HBqk1YTvrx5TTzFfSft9Li_jsGCCvkzsO5Yrwvtg4N7RFdoIcrzwbZMMbsYglRb_oU7nCjFsVdfNrNFuLSEJe8_ElhKpViVXr0UN1u1w_8mEISlcYThUCkuz_8vvD6DnlAadNBiLHhsTLpgnzYenk3Pfot34BiUpU9qtqYw9iNy9arFN47gI5A4c4hel7r1Zh0k5rbbvgosauBuuuLTqHv0kPyT2KcZdMAFXySLMnZnp64Ttc6K-Nkh4hRpMdKTPT5purIpXMQfRMVr94WEZvnV1g6QgEwz2wq_imbL9oIyEqRviYYTyimr1wfYvt5z-8vD44nbH8Wmfoo6BmnFvQUZ50KAmtyM12z-CZvptLEOrnwPrSKAl4QuMR0V0NDENoC0AqEpdNuRVVsFlIAKcD8AU8mgKBUg2HK_-c86ylWuDWVQ3-ry0kv1ylJDZ3m48WZnj-pyBWRBNxeOrsGvIhkbdRoTYiN8KbKEDFMuw74Cv61JI1UXfQVRPfoq-qrUmeL0rckphXXzOuKG2FNY5YJhKrl6FcdlK1OQzviLUtTqQQxb2plau1bj_PhEsOuF_yKqEIMfN1e-QpZVsB31hVuRpSrazV-1xDUZ-Ei6SaiZtLQS4yg__XHqHSKNyuwCY5j6ArWYpNff25y6xHIJvK21t9nxDEfmh3SIrVQ3Z4_I4LSOg8cW16S3XbydK1tPReuo5GFHp7h6YxsaBdtPTvCA_7OkMEUPjxJRy71mocnik4DeITjJeHIcbvZ6wb6FgBhyj68Vl5IYA-u6EZxsbDgkzqFAiJpWu1FZH-vHWAuVNbY-Ij7gjIr8IOBSnqHHSrmRyzLYbBjr0pxnvzGTPf5vtSf4sFIQ9JeK_z_HoihoUWkHqJXxm4DyxcjdVXJ2Gil8Ndvf9bpCEt_dNxeHE&xkcb=SoAe-_M3IF2mRUTs6p0FbzkdCdPP&p=14&fvj=0&vjs=3
542f6676d1175cc0,TikTok,7,"Data Analyst, Risk Data Mining - USDS","Hybrid remote in Mountain View, CA 94041",/rc/clk?jk=542f6676d1175cc0&fccid=caed318a9335aac0&vjs=3
ef6f01171984bef5,Tesla,7,"Software Quality Assurance Engineer, Internal Tools","Fremont, CA",/rc/clk?jk=ef6f01171984bef5&fccid=86e9be6ce380173e&vjs=3
0087ce71a8431337,Microsoft,8,Software Engineer,"Redmond, WA 98052 (Overlake area)",/rc/clk?jk=0087ce71a8431337&fccid=734cb5a01ee60f80&vjs=3
dfdec9aeeeddddbb,BlackRock,8,"Associate, Software Engineer, Applications","Seattle, WA 98101 (Downtown area)",/rc/clk?jk=dfdec9aeeeddddbb&fccid=58c732f14833248a&vjs=3
a1319d41ebe3cc21,Russell Investments,7,Associate Research Analyst,"Seattle, WA 98101 (Downtown area)",/rc/clk?jk=a1319d41ebe3cc21&fccid=a3dee5186de87956&vjs=3
90960d45caae4b65,Salesforce,7,Software Engineering LMTS,"Seattle, WA",/rc/clk?jk=90960d45caae4b65&fccid=4027cfd917e1ee29&vjs=3
27d2bd84d134eb87,Capital Group Companies,8,CAMPUS: Software Development Engineer Associate (2024),"Seattle, WA",/rc/clk?jk=27d2bd84d134eb87&fccid=a892c8c946e25608&vjs=3
08be3a38767dab76,SpaceX,7,Software Infrastructure Engineer (Starlink),"Redmond, WA (SE Redmond area)",/rc/clk?jk=08be3a38767dab76&fccid=8bc01be85b97ce0d&vjs=3
5725afb9bd5fce40,StoneX Group,7,Trade Desk Analyst,"Hybrid remote in Seattle, WA 98122",/rc/clk?jk=5725afb9bd5fce40&fccid=95d5989e745a95bc&vjs=3
3ec83fbddb3d7aab,Microsoft,6,Research Scientist,"Redmond, WA 98052 (Overlake area)",/rc/clk?jk=3ec83fbddb3d7aab&fccid=734cb5a01ee60f80&vjs=3
5e5fe483926118fd,Allen Institute,7,Software Engineer II,"Seattle, WA 98109 (South Lake Union area)",/rc/clk?jk=5e5fe483926118fd&fccid=6b1f64ade51f4574&vjs=3
f60b192322b47181,Benaroya Research Institute,1,Bioinformatician I-III,"Seattle, WA 98101 (First Hill area)",/rc/clk?jk=f60b192322b47181&fccid=dec9c525c4cd891f&vjs=3
2bca410721a9d33c,University of Washington,3,RESEARCH TECHNICIAN (PROJECT APPOINTMENT),"Seattle, WA 98195 (University District area)",/rc/clk?jk=2bca410721a9d33c&fccid=142783ac2edbe56b&vjs=3
5e49a93f33c4e038,Apple,8,Software Development Engineer [DEPT: SII Info Intelligence US],"Seattle, WA",/rc/clk?jk=5e49a93f33c4e038&fccid=c1099851e9794854&vjs=3
ae736605fa9e04ad,Russell Investments,6,Portfolio Analyst,"Seattle, WA 98101 (Downtown area)",/rc/clk?jk=ae736605fa9e04ad&fccid=a3dee5186de87956&vjs=3
d36cbfe2c98ec902,SpaceX,7,Test Specialist (Starlink),"Redmond, WA (SE Redmond area)",/rc/clk?jk=d36cbfe2c98ec902&fccid=8bc01be85b97ce0d&vjs=3
dbcadf91df100cc,Meta,8,"Software Engineer, ML Systems - AI Infra","Seattle, WA 98109 (South Lake Union area)",/pagead/clk?mo=r&ad=-6NYlbfkN0DYl4UJW4r1Vl7FEn6T9F-rD9lpC-0oMJVSiWjK_MGUd5J0zhK0_YWmBFI6gXg_Kl9ho8kqmc_zWWJzdwU3McoK8Oa76pIAE-A_B8rYSA5T2m4R46jMxAzMLAfvBTNltjTezG_Wh6tCJozXqimsCtQAupMeco0BpfP2lcMAHvT30KagXcSHg3Sv-qNYDmz-lDIpn7twORB4YzaUligykN3lZsZ69DYl0PazU92pNGnBufiGHS-HJUGw1NclLy0GqpDyxK80ueazw-xCYYcXbfH0Tcnym4jX-_66wPQ7oc5FuRTdMTMtPTnqV9tA0N-HoP1SEHzalvs1mRV2ywn5Nim6R-7ZRfo1JqTUMWiNoCX-4XqAPPtjBpB78CcVfP_TVOeVSb2YOueOy692kg3cDihun281BSQLaQrR1u3KyG2mLAO7oGDmjLCGbkyhRYNzB-qH4rUhARB9TBWLBXNihZPRRnnUBgEGQJi4p0H1oCWrQ1z0aNmZcNhKQn2tMlHTm1VaCbmLXI6Sc-P6k1m3Iij_3AgwWrf32PKGi2A_iOV7SJT59_6iCN5hE3Jx13u0ivAL7TTo89LjN-8R1hBL9QgLr_uOigjc-wIGdDD_01A2QbiBIakXfjFlKAphZ3kBg63K1-uDMCeXrBfYmgx8aYP4glEZXkLhOLJPALzjoHhCZQzNMWOoMYJGv39rZZTsG-lMjMraW4IRWOloGSkTmIWtsrNBAnAyIYdqQWZW32bLKXXleuehjBpkP_PETnk06_4ECn0lfT5DTEM3tMoWQqsUtLMGmgQrRUVaXKGmBVeR3wsKIpr6fc5F6e9GlQjTsLlpL7bynpm84ARIrMQh5pOWZ1o3Iom01llbkiz69bdlASKWYlnER1YUnBd6g84WVPpZe-N56D0c461qb-ahv0gNUsTsMHhSg4NSXPSQ3QCdUQnMnh10Opx4PksK3LQhwbirKvEcCcHp2P4k0OUCJauRxCOOqANwlWWqZm4vlHKKRBZfgIcODUKtSgoX6yTivpADcWl0HqNPUV97tmosTp4IV1r26YJKC6X4Uzhitw6orSe8_nSnUvoW51U9bBGt7nyAKxr7RYZRy30S8bPcKMrZc8VG4N21zxcrU7hgrlzT0IkcOmh60ggCqIcU0CRzkd_-HiUTmCoW4v0tNPS_e1D9b3bR3H7SHLzFZKbt53BGSC-v9tlJpZ9J9hwclueqHM2GXgsqgptEew==&xkcb=SoAR-_M3IF2-FpRjy50bbzkdCdPP&p=14&fvj=0&vjs=3
582bcfcd712fe9e2,Microsoft,7,Software Engineer II,"Redmond, WA 98052 (Overlake area)",/rc/clk?jk=582bcfcd712fe9e2&fccid=734cb5a01ee60f80&vjs=3
14046a38d5499fd8,TikTok,6,Data Analyst - TikTok Ecommerce Anti Fraud Solutions,"Seattle, WA",/rc/clk?jk=14046a38d5499fd8&fccid=caed318a9335aac0&vjs=3
af792d6bb4382f4a,TikTok,6,"Backend Engineer, TikTok Playback Strategy Platform","Seattle, WA",/rc/clk?jk=af792d6bb4382f4a&fccid=caed318a9335aac0&vjs=3
2d846bf41b05fc9e,TikTok,6,Engineering Manager - AML - USDS,"Seattle, WA",/rc/clk?jk=2d846bf41b05fc9e&fccid=caed318a9335aac0&vjs=3
9c5c719265ba7f0d,ByteDance,7,"Software Architect, Lark No-code / Low-code Platform","Seattle, WA",/rc/clk?jk=9c5c719265ba7f0d&fccid=74fbc768a4e5bece&vjs=3
e22eddd95c9af3fa,TikTok,6,Software Engineer Graduate (TikTok Privacy and Security ) - 2024 Start (BS/MS/PhD),"Seattle, WA",/rc/clk?jk=e22eddd95c9af3fa&fccid=caed318a9335aac0&vjs=3
74fb67f5c23346c5,TikTok,7,"Data Analyst, Risk Data Mining - USDS","Hybrid remote in Seattle, WA",/rc/clk?jk=74fb67f5c23346c5&fccid=caed318a9335aac0&vjs=3
9362e8f26c2d7ac5,"AdaptX, Inc.",7,"Engineer, Full Stack","Seattle, WA 98103 (Green Lake - Wallingford area)",/rc/clk?jk=9362e8f26c2d7ac5&fccid=eaacdbcb8501fc2b&vjs=3
ca4581f16e7a3559,SMB SRE test,8,Software engineer,"Seattle, WA 98104 (Downtown area)",/company/SMB-SRE-test/jobs/Software-Engineer-ca4581f16e7a3559?fccid=3a3db21af7dc3fac&vjs=3
9bdf84ef1675a5e8,iSpot.tv,7,Data Analyst,"Hybrid remote in Bellevue, WA",/rc/clk?jk=9bdf84ef1675a5e8&fccid=463fa5f952cc2ed7&vjs=3
9c97f88d224ddd0,Meta,6,"Research Scientist, AI (PhD)","Seattle, WA 98109 (South Lake Union area)",/pagead/clk?mo=r&ad=-6NYlbfkN0DYl4UJW4r1Vl7FEn6T9F-rD9lpC-0oMJVSiWjK_MGUd5J0zhK0_YWmBFI6gXg_Kl9FOlcXQn4n87t2nI0gupMo7T2dzl-YkhXb-JpVc9wG9YHDOzmeoZMvxRG2jUVFvaZnAiIBYQgqFOxqLEvMDQlo-JeWvPMgyTQe9YAxnnXUVdXDU3ZLrhw4I63GNmlQssxh3I1VdbmGsSmzfhkQQslhudvhGnOOAWsXgb2esvPkcOSAU3TxFEoHP2WxicucWAl2L5Us0B-ce1vbJ4K32tx3Q6DiC3mFupfABZLApw_oOpxhZOwAic-FHf0qW9LsOPVJN3A7Oun01i6-HouLjDit8VavCvigByFwfUCwBYRF7tvxPhj9JjJ0wSIkT0C5HjPb92hK5NEdaX_-T2T3frSjAGGSJyy8meSo4mx7_uN-_zLKLlw7ScxstLgk49kEXOq65qjr32lDYvVZEc_oG1ruWhESFXPxDVZx_J_PzNxVi4dF3lg-p_BDaiffPf6_KxBhnYG1PsPB1Uwgk188aQ5euCcnNiUtQ1bfDVNIkFlxEl37zAuwyYksifxpaW-xjtLqxfAHbVwkdKLWh-sY0wUg3befJROgCJELANwSlQqWIP04SkVOqw498-zwj1cOp0BdYhUlkHt_t665_OCIUmMEoQjlCffTOeZFjljGt0OoUQj80meduaED8b-jWy27rqSFINSj7zOVprAWJ7xSzwEC5LqeqhXVHIy7IZnLEMXgCY922Hzfww13QDotPOBUTrZ0tNXKe0p1Y9g3fQ6rZC6j9kwsOYi_ku-YS5-nAE-GSnTu2fCBl-bkqs3d4cMy5DQsUklLmqZEJ-spLOaBgx2TKrSrTQPRMDAWflgkgXMATii60bwUXNhawCWPlFzSesOjwV0Uf3bnQ8Og3F8mVW0f-4oRAPtZoSyY6nImpWwRzWCrdmHfHV9GGhFmUrPPKi9iHp0qBqqpD3jxgRAxIWXb1ahl3huzsEYb5E4v8VwqSbe_vP9gQouiwrhQaASEIMMhCsNp4WiTJv_RL6W_m0sJi_WzxZnclXlRGGSXMtu4ttqXCUy49IeAf93copCkCBU9qzEU867B1BQ1QAVY-ek8C2mkWmVKzhDDoMvmjXzSiBNoeKBLqA-VLU7Q-vAsBVHlSsbbdIwaz3wv6ROHDYF1UIsaB3GZM6ljqQtiTKYaqRZZOQ-YUrLLffAxb2nfzeU=&xkcb=SoDC-_M3IF283R3I7Z0FbzkdCdPP&p=14&fvj=0&vjs=3
090c7b218f833ee,Meta,7,AI Research Engineer,"Seattle, WA 98109 (South Lake Union area)",/pagead/clk?mo=r&ad=-6NYlbfkN0DYl4UJW4r1Vl7FEn6T9F-rD9lpC-0oMJVSiWjK_MGUd5J0zhK0_YWmBFI6gXg_Kl89x3Gq_oB4aB2k4iLKRd239FctlmBSWgHXrqtZNxTRKPSHCN0Uzl7HsbK0vHZlEZj-9leXZj_1-qTnNq_jGvPyvY2NplTt5_KK5Z6LnS0gSBa7_n1h0Bu9kqTlHCuqhTxm2dPnphzR56dZSQfYlP7S35WwTEHk4zH76H9oF_ik8W1hZTE-mzpnGw8raArEuWBnCpd9VlC4ZEx9Pk4Xk8a4tYRqnYR5ma1N4Mk1FiGj7fMNin2_IwlNwmBTBvzf2M4mAikd26dL_dqLtVMt2TkNXL0V_15Hkwzyq796M6Tu-Y1Z9UB1XytHhWjEg2ZKmGXZivcYf9hbd-bdM6YYj6fdig9dF7sMiEGuGdaqVmkXdY2-oHDXtv-QQ9TxTTSLcntcQe07l8if6fAJkm0TmdGeuAGWaFt6AW0U-IuMK__eB9-zW9-nHi_LJ28NZgrzZxmVycLzO-tDGLvpu34yYlV_cWVJY377NYIsBgSMGc77E0RLVzHcTcw3nOI7p7QOd8vVaoSfLxhEQ-ysM5gsgEDYsmycNnIQso8GkuP_7tHMUXTDCbNapxQAGdePKsoUXKjwK8_2KWViTCcNhg14rKLxY3Snrttnohk6w-9GdPAq89IcSei5XBfxDummoGzb_aGpvpuZXeFvSgwiJtN51MypvnCgwaTwRtQZiYoTm4Bh_dlnrVYmCz0lL97hkbGLX6PfpLZiWaLOvak2temW3AoPtrfQ8HoePjENKbadom0tgSnlk3o6j-Q1QNt47E6ojgZ3azGbpqVNY2Xj16mIV-yLAbcphQ5xkNJtTJpWYOSRpH9R13ejJhAySt0BABUF8DbD1qGehQpL1Aypir0a3cF7_A-woKu_Vaxuk0UU-_4LsOsuqV2Jx_uSU2BheYuPvOet1R4P6A-ODh5jk6aoRDzMhr62v3y0F-uBcakHjJDxQ7VuVtwQd-aDq6-IB9pv4_GDKt7x8BjimQBQ2t9TCAFymORCblqu3vndQWkp6FwKwcGreX8ZwtNAjBuSt8LTtsD3V2IHV-aAykWjqIf4MgS4DGIH43aoe9vZLRWp1WvQKi1VuAt9wK14FTTtgYwXaiJ062PRUGJGaHNhMhOefS9E_YlZhnnLtFT-qWsNfz7E-lAtsFEINcAXhrh009RwQ0w=&xkcb=SoDB-_M3IF28NgXI6Z0NbzkdCdPP&p=6&fvj=0&vjs=3
94959b803286506d,Expedia Partner Solutions,7,Partner Journey Data Specialist,"Seattle, WA 98127",/rc/clk?jk=94959b803286506d&fccid=246d2aeab4882686&vjs=3
be9b35ec254532e8,SpaceX,6,Space Lasers Engineer (Starlink),"Redmond, WA (SE Redmond area)",/rc/clk?jk=be9b35ec254532e8&fccid=8bc01be85b97ce0d&vjs=3
2294612920d75fc6,Nordstrom Inc,6,Loss Prevention Engineer 1 (Hybrid - located in Seattle),"Seattle, WA",/rc/clk?jk=2294612920d75fc6&fccid=68ce5c21322a81a4&vjs=3
75ca69e37ff91083,SpaceX,6,Development Test Engineer (Starlink),"Redmond, WA (SE Redmond area)",/rc/clk?jk=75ca69e37ff91083&fccid=8bc01be85b97ce0d&vjs=3
19ada665febbd2e4,University of Washington,6,SENIOR COMPUTER SPECIALIST,"Seattle, WA 98195 (University District area)",/rc/clk?jk=19ada665febbd2e4&fccid=142783ac2edbe56b&vjs=3
fe428565bba8d1b7,Nordstrom Inc,5,"Engineer 2, Vulnerability Management (Hybrid - can be located in Seattle, Los Angeles, Denver, Chicago or Atlanta)","Seattle, WA",/rc/clk?jk=fe428565bba8d1b7&fccid=68ce5c21322a81a4&vjs=3
90679d7b3e17c10c,Apple,5,"AIML - Software Engineer, Search Experience - Siri & Information Intelligence","Seattle, WA",/rc/clk?jk=90679d7b3e17c10c&fccid=c1099851e9794854&vjs=3
5c8db9a1389ad4fe,Microsoft,5,Software Engineer II,"Redmond, WA 98052 (Overlake area)",/rc/clk?jk=5c8db9a1389ad4fe&fccid=734cb5a01ee60f80&vjs=3
bef9ed905cf9f37,BOEING,6,"Associate Reliability, Maintainability and Systems Health Engineer","Tukwila, WA 98168",/pagead/clk?mo=r&ad=-6NYlbfkN0BddK4H-tsabPiX3BvkwhvbvP4OkLNzlRX6egXJy9Hb1347EBXmHCsT1XlOrwQCHnp7EgCCjTlFRU13Q7rLxLGsaddqFlyhv89mQEwRC7TzFpOSTAc_BXrI79wT6urAXcUWeOwn0rYZumxVfHIi2ydpzXUv1gQvjb7a6muq3MK0sOsLN1Hcmqd5S-ecDh9I8LSJgG-PVqOk7WYpSWdkE4L4d-28AL_FMHC135CpOudzRj8Oyd4XSCZTO1o3uPRBcBn8gr7aLHoJU41a7QS-1zO8dsna24fdS_RLHWuDrEdUI_gqmA7tCQg2HCUsnOAhPDQT1p4F3sNWESaTs9HB4unpUUbXY_X46Pha0O9Xe6nmTtjdy1DsYG_mYmiwFxt7bUnr7hm8DVOmrGaRY8473C4cXgBrn9lMuoE7rKeQ99Gmv16UqnDBXMiEFQvw7W6zy4PYJZH7fXjlX40B37uWj503BSJNdVhfEsF0NadFsug_Cx-vjmZTxn1MEE25tFj6vMzetkrGFdZhDk5xhVFz1MSbmv5mB4xiV0ZoyB33meudujQM4BUM3HOj8_gnUUNvLEPy6929Al6FTgEHDPu1_xWWZmrbQYxj5OqtcQDizc4ORltzNvLp5UQtUKhJJ8Lx9qKtHdkBYLTBeNOFRuYBBAxOULU9UXaizhav1_3CH-RErgkSZI2OkIhQWZG7XWel1FB26f_PbPbbZ1Rn6-MvansYHhfhJrcPqT8Oe4dKk5XbpEbOgR1Cv9jc6DOAmfAoa7YDZ2EzTzWuOA==&xkcb=SoAS-_M3IF27W73I7Z0IbzkdCdPP&p=3&fvj=0&vjs=3
4d9247b99da8c19,BOEING,6,Structures Technical Analyst - Multi -Level,"Everett, WA 98207 (Lowell area)",/pagead/clk?mo=r&ad=-6NYlbfkN0BddK4H-tsabPiX3BvkwhvbvP4OkLNzlRX6egXJy9Hb1347EBXmHCsT1XlOrwQCHnoBEivNDaD3p4RLtxDEEwEuWWXTEjYX1QmEdhQK14sc4ERhg0UowdvLOFbYEEe6X4_8r3MaBQ-yxQp_mtPk2O5riKSE7NXeWZffE0QliH3QxTGJfwPixJLBCAeDtf3ljPoel0NsprsU_msb0QG5FvJdVmRlP0RnyFtmMdlUZabtDVl0SRZ4BiHXwQl2SAJPfaYPpVDccn-9bg5zGivbKz5Nt3LhbyQuXWwThfK2xn3fewmXFwMgTvuwWiOF-L26__lYjad4ICYq8Nvr9y0cpy2h2PR9y1IpwsJ0bbZHwuxDP5fdUEeZanEh3KR1mpHDOYMbvmdn8mG0MpNVRjigaDdAyFLZL_1HrxZOMKLx07FA85IPdP06kqm7JLoPlkMSFWei_c5ELzhWMiEfhDYHRSvP9fu4LLCDIhoaQVxgnreOv6TfEPhLx0Wl9hsQPODkenpSOdq_Pykl3E3rR9SkvQCAiaOAFLh6UgEixIZf06yIStNnCz1rnNuIHGLIDtBpsbuWPGs0ydIyo79QlhaI5n406brBavBe9PKkhiblL6gokHGlOvrca9hapIOEzZfQbunuuLkqnL7DWQsdWh_IDJggeDL6Q3qU0LH0kf8doP2_-IBa8qe4EPRsOty2bR5gAvvrPn9o3ak7_53lnWC6EzP4EIw_aYVP3DQx8YqdR0t7dLy5NUMpkxatByY20KE2BUY=&xkcb=SoBj-_M3IF25POXI450CbzkdCdPP&p=9&fvj=0&vjs=3
753cc774e407931f,Reli.,9,Junior Software Developer (Python) (Hybrid Remote),"Hybrid remote in Los Angeles, CA",/company/Reli./jobs/Junior-Software-Engineer-753cc774e407931f?fccid=531935d3ea533633&vjs=3
314630f065700668,UCLA,6,Full-Time Research Assistant at UCLA,"Los Angeles, CA",/rc/clk?jk=314630f065700668&fccid=ab0ef6192557a06f&vjs=3
a71267882df18647,UCLA,6,Staff Research Associate,"Los Angeles, CA",/rc/clk?jk=a71267882df18647&fccid=ab0ef6192557a06f&vjs=3
21b1d9e25cde4b8,UCLA Health,1,"Staff Research Associate II, Neurosurgery","Los Angeles, CA 90095 (Westwood area)",/pagead/clk?mo=r&ad=-6NYlbfkN0DsE7ViekIsjp64t_8fXghHOV1s5s2e0k6cDP9wEyz_6tOierAtAOrZ9WCDC2rRvrPrdsyB_8MAKIb28H2ZIe2cwMAPXfZ5CsnqJ9qFTpRLHSSb6F3SsSiIxd14nBkrPJZDpfbpQ_9JI3yevcFvTCZreKwyF73DvmdlBWuEp_Me_9vxSmHQROr1fvwYRRQMfvCm22fyfk-uvBHJu3l2nLt3ZxPpLtE6FixvZXoChJ0blZEmY0Y3tb0YpZx7RA_VsClYhOhqHyYhiDP6c6D45w0rz6Nsf5AAGHmtnX5XP5zFwCNherIJWMcTRh5MydII9rFa_xpKWvNUTjIAy0qsq0IvsgufOFVWJiYP1iEmijTreB1WzwyxKQE3Wia3Te4MXDKhbyWhG3zXuZFPz3o4P2Y82EbmofMqaVJD2pwi_tJXyDg_exH8IlKThAsf3gmLKspFHGA9W3A2aom2_hx8wlXxseyswJsGVTtzMUsCBj3Wst-4aXsuDzCKdqM86qAifUKCW7s4--mwdIin2k5VMVRSEAkHSP84XtD7YlgL6hOcxujlr7SxjtYgC06Mq1PrnC9Ex0IUUJLT9qHVcObOox4RmdNIhtuzkrtjRmewIfvUgxTIwqnHrgFaxoJGvveokG52UrWkehGT19PrSJMEl62NveP2o6FffEFWg6QeSWnJ2qOlzH7rsgOHafQY1LQGz_I_0WgYREeiwROgD2jP13dS8j1gYz7WJwrftr-y5s5JOrdbt_lvinp_dHhxSpddVpg7XcXqANpb4lnQVL2LmSiBuDS_Ja_jZaJpTLEem_AVuU2S-GZv5nZ5l5WMrBe_bgOMr2ijpFTJCsMSK6i7xH66v1xZVh95ncFLaE5Soh4x-P4yepo7fVDY&xkcb=SoCC-_M3IF24RUXI6B0IbzkdCdPP&p=3&fvj=0&vjs=3
e590fa3b66a62fde,InMarket,7,Data Insights Analyst,"Remote in Los Angeles, CA",/rc/clk?jk=e590fa3b66a62fde&fccid=dc4a058db3584448&vjs=3
74ebb68410b35cc9,UCLA Health,8,Data Scientist,"Los Angeles, CA 90095",/rc/clk?jk=74ebb68410b35cc9&fccid=74540dcd08f53d72&vjs=3
36795fbc5d0d68a7,UCLA Health,6,Program Analyst III,"Los Angeles, CA 90095",/rc/clk?jk=36795fbc5d0d68a7&fccid=74540dcd08f53d72&vjs=3
1733a1fd7a16e43d,UCLA Health,6,Metadata Specialist (Flex Hybrid),"Los Angeles, CA 90095",/rc/clk?jk=1733a1fd7a16e43d&fccid=74540dcd08f53d72&vjs=3
8f1f70fbf0803fbb,Tencent,8,Machine Learning Engineer,"Los Angeles, CA",/rc/clk?jk=8f1f70fbf0803fbb&fccid=e89c1962acedb6a5&vjs=3
5f23f024d43cb51d,TikTok,7,Business Analyst - Scaled Infrastructure,"Los Angeles, CA",/rc/clk?jk=5f23f024d43cb51d&fccid=caed318a9335aac0&vjs=3
0d491e219ae37894,BuroHappold Engineering,7,"Graduate BIM and Computational Designer, Summer 2024","Los Angeles, CA",/rc/clk?jk=0d491e219ae37894&fccid=4356d89a17a86533&vjs=3
34380500ece3f865,CEDARS-SINAI,6,Clinical Research Data Spec I - Smidt Heart Institute (Dr. Chugh Team),"Los Angeles, CA",/rc/clk?jk=34380500ece3f865&fccid=22d99361dca0507f&vjs=3
fc824a952d2d02fa,"EPCVIP, Inc",7,Junior Optimization Analyst (2),"Los Angeles, CA",/rc/clk?jk=fc824a952d2d02fa&fccid=751734ef092b6ddc&vjs=3
6f73d52b32063f97,CEDARS-SINAI,4,Research Associate II - Anastassiou Lab - Department of Neurosurgery,"Los Angeles, CA",/rc/clk?jk=6f73d52b32063f97&fccid=22d99361dca0507f&vjs=3
808f33893d2ec74e,Paramount+,6,Manager Business Intelligence,"Remote in Los Angeles, CA 90069",/rc/clk?jk=808f33893d2ec74e&fccid=30cb52ad6dd37131&vjs=3
7a19343696e8b810,TikTok,6,Business Analyst - Creator Management & Lifecycle,"Los Angeles, CA",/rc/clk?jk=7a19343696e8b810&fccid=caed318a9335aac0&vjs=3
88121d9edc999d83,UCLA Health,6,Programmer Analyst II - Human Genetics,"Los Angeles, CA 90095",/rc/clk?jk=88121d9edc999d83&fccid=74540dcd08f53d72&vjs=3
8549a4a405557ede,TikTok,6,"Software Engineer, TikTok Brand Ads","Los Angeles, CA",/rc/clk?jk=8549a4a405557ede&fccid=caed318a9335aac0&vjs=3
d7829b7b4279634e,UCLA Health,6,Research Programmer II - Semel Institute,"Los Angeles, CA 90095",/rc/clk?jk=d7829b7b4279634e&fccid=74540dcd08f53d72&vjs=3
f96919637082452,UCLA Health,6,Research Database Manager,"Los Angeles, CA 90095",/pagead/clk?mo=r&ad=-6NYlbfkN0DsE7ViekIsjp64t_8fXghHOV1s5s2e0k6cDP9wEyz_6tOierAtAOrZIVlWcTlCBBvYTd069wlalugSdF1WlTO4rCXuvQK7W9PxyJX0dNSDu5PsnQkqwixa4dOEkkb9gnHSn8piss4VMjAI-9j7l9qhZ8AgJxfS7BkJ00iACFVn-AkXwI5eEtLlMUg46ZtYK08YnGnjt85wRFd-H5N7jm6zIYwNNhSgQLgf69xvVVFvFacATBolU0g7G7ie9Ob9qp7NBAsI4MMh-Zfu-LlEPz6i-qtCxPRWSjsZDK53h8grH30PM981ufaJ0Gi0dxc86FksRvCDPJ9dBr5FHVvi5QBzV_dk_iuBd_-conZUVSwySXISVJNQwmyJlPKyUYkopvosDGI-Tju3FbJNqcuioVVWzDM6V-ECC5EuFxk93HyPZ2FAdFlLoF7uwuN3Rxp1vVDzPKl_GjqiTt9JrmCFEONHefddSvIEVor7S4HXP8aN-PpckBmywmFzX4hUofd2xDqiaS868fC2rtdrAmZSmSLj51pqpcrcAvnzQXqwUyNFDVHu-39YGju2k1nveE7l02byYBvHA7JoRXtGt6E93i-eCB2kOQLZvj8214p0CJ9f9Fh8FtozaKCpQYluu4-X7EtWkVh6Nm0hLlpO4GVq_0gJdZ9jR9kgDZ0gfJFPpFYVC6BzpZTIpmLk5HM_XabBKILUvmAJmOCCW7h0hxfzRNvJiNwaxLVdR_8MYqH0DuRHh8LghDWC5x_kR4SR8q4YF2rXCumXcWqX7kjUyo9KK4zmb0byJVpbxTNzGSyTdb5TnYSKyWKCnKwz_lmaGhu9cb40ICIrBLnqJS93qz3ClbPdAqFDA75Fuyo=&xkcb=SoBU-_M3IF23kwXI6B0IbzkdCdPP&p=3&fvj=0&vjs=3
4d69b96e79df0947,UCLA Health,1,Neurodegenerative Disease Informatics Research Technician,"Los Angeles, CA 90095",/rc/clk?jk=4d69b96e79df0947&fccid=74540dcd08f53d72&vjs=3
705adb59a094bc0,UCLA Health,5,Programmer Analyst III,"Los Angeles, CA 90095",/pagead/clk?mo=r&ad=-6NYlbfkN0DsE7ViekIsjp64t_8fXghHOV1s5s2e0k6cDP9wEyz_6tOierAtAOrZ9WCDC2rRvrOy-RqRo214sxzh1PdXVbYL3EMBMfjiqyOAJkpM0cA7Ja7TjxOO5GCLFdQoj7lVh0r_1aKKNxmNkaPoWGu2FIcJz1aKlrRbyI0ZPyyOgvAKT3IVQnNUPqfZB33vfURKv9PGmz5tPPlL5hPHaddtgUmdFpGkQCeiX6MFSddRM2CC8eV7KgjA_R__NppFDCxb_fuXhJAMi7muHgOHsei6DaC5tjj58mIj_VQ-zBzbuqAZkUkSxzFF20LShJy-TLXz_g8vhZJXCcTpEwgchW2tSoR7aDZSmBGvCyc8NwPiAZ4fEy-TTKsvming_eJahHmR2rXqamI9-qZg2tUUAdi-PDZwbNcRCgLBWQb-XdV6cS0B1Kn-M5ZxSjEVTfRbo8mTYJyoWgAleFUyvp60yZ60vl1Nh9BrYckKv138_BcNXmsPsfOraQqHb_yD-Zxj7oHAWcoILs_hzcbnagbfMzyq0KU74_epmdPmDHxZH3DRpMcf_PsIEr8WOZgR005jOA2FY1NJ0uNCsJ1An3GrXYN7kDxXN9JSRthWoOK4DuAG8og2PPQ1Cu6uBcliqvKkR238oiiErg_XQdlxwyhvgg5Yk7yOVMsjRWMGV7shij4AsNsee_jI5pj0OOAbbUNRTOcH408k7yMQKgzmQoWRezyICbc75S2JFo4suHiJtSQFJ5MZcU5xTcsfts_3ftUwT0ojeYvvxHTsZ7TDmk8YcrKBND4JcBYKs-zyCDYxey2RZwYHvViI6FV2qpui6y_342JKwd8kSDrPm8y5yg==&xkcb=SoB_-_M3IF23TaTs6p0NbzkdCdPP&p=4&fvj=0&vjs=3
a47c85e8544c52be,Ruggable,2,Inventory Control Associate,"Los Angeles, CA",/rc/clk?jk=a47c85e8544c52be&fccid=e13177a2bcf0be73&vjs=3
817521fa648edb7c,USC,5,Part-Time Lecturer of Information Technology,"Los Angeles, CA",/rc/clk?jk=817521fa648edb7c&fccid=7455773bace145da&vjs=3
13fbaafc0dcc0b2a,Arup,2,Graduate Tunnelling Engineer (Available 2024),"Los Angeles, CA (Del Rey area)",/rc/clk?jk=13fbaafc0dcc0b2a&fccid=38c0d5e4f2a99768&vjs=3
2bfe1eb22909b69,UCLA Health,1,Neurodegenerative Disease Informatics Research Technician,"Los Angeles, CA 90095",/pagead/clk?mo=r&ad=-6NYlbfkN0DsE7ViekIsjp64t_8fXghHOV1s5s2e0k6cDP9wEyz_6tOierAtAOrZIVlWcTlCBBsuOqoVVhmT-sI39QCTiJ8RDpwrrEazk3gMSKcd1P0OxGngZMHkknPs1loUQGR_PlTAmFCLsUbEu_XbfO1GVArgkKVNdrLIsp8VnkLkZPqjfXFcNwxctR8gvfn2Oa8H2V3ESyPHj5ectxa8xK5poClENICC_0inqEgXx_hRKAdU1mN59SUkFaQ3WZ4k1q3IoAR-pLNoOEFVswbSrfC8UXKjDpjnLSrw8jF5YN3Usmyax_aRFtpXTAmZ19m8o4WhB4KfJV1p_mnQWSgqfFysDu0tiKWuzWyiEFAq7jv3q4OiaTR3Kck7irPGvqVws2p4qlvMfQ_TUNasFB2gIrJImSAAW5Gh2sljrAFRMSITB8WC1kKtlsru31aKA5JElSTnvOZG26vdd4TKi8ITxLFGuqAMT_bUEHIQDnB5YYdq2DkBACF_CyDm2Z2es0z1G1AwZMYC6PU1DBa1fuEW3x9KLl8Xcmq23BEQjUBQMMCfG4mmSv3gRWvHAuu58vScnORsdvvwa6R_8Fy5MOchg2Op9tDoayPL_L5W9PaaewN3p75_FgYe7W9XT6Ki1z94XxzlNXwbrf7bFtpHD4MKXc2XDUKxkScVnBzKMZdlsrhAE9UX4571qFDVp7byI6hG5CcSgQHKqkQWSOTSnavnKB2lOn3pU0vYEg-x31CJSao68Lcy_32F45lASrkoY2Tpi827kkpFUmBKmN-ijGHGaYKV5w_fSf5QG13Nbos5weZjH_4vOeBERqNW8x4MdM2U09mbWI27UQMwToDZDQYF_vMZxT78PR7495h9H9BAnwwN4zj9WRxRAvwALcO399luHM95UG_CIYbuO3CAx-nI9WPljq8R7sDe4mSBZ6vneGweVw9p1g==&xkcb=SoDd-_M3IF23Mv3I6Z0CbzkdCdPP&p=6&fvj=0&vjs=3
6fbb4b5da49c67ae,Fehr & Peers,2,Entry-Level Transportation Engineer/Planner,"Los Angeles, CA",/rc/clk?jk=6fbb4b5da49c67ae&fccid=875c1bd72eaabc43&vjs=3
2ea59703aa6ab09d,Silvus Technologies,7,Applications Engineer,"Hybrid remote in Los Angeles, CA",/rc/clk?jk=2ea59703aa6ab09d&fccid=134f106547f3ca31&vjs=3
cbed711e526860a2,LimnoTech,7,"Water Resources Engineer, Scientist, or Data Scientist","Los Angeles, CA",/rc/clk?jk=cbed711e526860a2&fccid=0a5a606f6ad8cc93&vjs=3
aa73b50a93cd558c,KPMG,7,"Associate, AI Business Analyst","Los Angeles, CA 90071 (Downtown area)",/rc/clk?jk=aa73b50a93cd558c&fccid=2dd390c3a48a7ed0&vjs=3
